Workbook

Sheet Archive 7.8
A1: TT2 Alchemy Recipe Book
A2: - - - - - - A collection of all Alchemy Ingredients, Recipes, and Rewards - - - - - - by: rawrzcookie - - - - - -
A3: {="Recipes Remaining: " & _xludf.LAMBDA(n,matrix,offset,(n*(n+1)/2)-((n - SUM((COLUMN(matrix)-ROW(matrix)=offset)*IF(matrix<>"",1,0)))+IF(COUNTIF(matrix,"<>")>=(n^2),0,FLOOR(((n^2)-(COUNTIF(matrix,"<>")+(n - SUM((COLUMN(matrix)-ROW(matrix)=offset)*IF(matrix<>"",1,0)))))/2,1))) & "/" & (n*(n+1)/2) & " % Complete: " & ROUND(((n*(n+1)/2)-((n - SUM((COLUMN(matrix)-ROW(matrix)=offset)*IF(matrix<>"",1,0)))+IF(COUNTIF(matrix,"<>")>=(n^2),0,FLOOR(((n^2)-(COUNTIF(matrix,"<>")+(n - SUM((COLUMN(matrix)-ROW(matrix)=offset)*IF(matrix<>"",1,0)))))/2,1))))/(n*(n+1)/2),4) * 100 & "%")(16,C5:R20,(COLUMN() - ROW()))} -> #NAME? | C3: {=TRANSPOSE(A5:A20)} -> Pepper | D3: Berries | E3: Mushroom | F3: Sand | G3: Petal | H3: Acorn | I3: Feather | J3: Shadow | K3: Spirit | L3: Essence | M3: Power | N3: Beetle | O3: Tooth | P3: Flame | Q3: Steel | R3: Scale
C4: {=_xludf.XLOOKUP(C3,Images!$A:$A,Images!$C:$C,"")} -> #NAME? | D4: {=_xludf.XLOOKUP(D3,Images!$A:$A,Images!$C:$C,"")} -> #NAME? | E4: {=_xludf.XLOOKUP(E3,Images!$A:$A,Images!$C:$C,"")} -> #NAME? | F4: {=_xludf.XLOOKUP(F3,Images!$A:$A,Images!$C:$C,"")} -> #NAME? | G4: {=_xludf.XLOOKUP(G3,Images!$A:$A,Images!$C:$C,"")} -> #NAME? | H4: {=_xludf.XLOOKUP(H3,Images!$A:$A,Images!$C:$C,"")} -> #NAME? | I4: {=_xludf.XLOOKUP(I3,Images!$A:$A,Images!$C:$C,"")} -> #NAME? | J4: {=_xludf.XLOOKUP(J3,Images!$A:$A,Images!$C:$C,"")} -> #NAME? | ... R4: {=_xludf.XLOOKUP(R3,Images!$A:$A,Images!$C:$C,"")} -> #NAME?
A5: Pepper | B5: {=_xludf.XLOOKUP(A5,Images!$A:$A,Images!$C:$C,"")} -> #NAME? | C5: Event Equipment (Safety Tongs) | D5: =INDEX($C$5:$R$20, COLUMN()-2, ROW()-4) -> #NAME? | E5: =INDEX($C$5:$R$20, COLUMN()-2, ROW()-4) -> #NAME? | F5: =INDEX($C$5:$R$20, COLUMN()-2, ROW()-4) -> #NAME? | G5: =INDEX($C$5:$R$20, COLUMN()-2, ROW()-4) -> 18 Currency | H5: =INDEX($C$5:$R$20, COLUMN()-2, ROW()-4) -> 3 Eggs | I5: =INDEX($C$5:$R$20, COLUMN()-2, ROW()-4) -> 15 Common Equipment | J5: =INDEX($C$5:$R$20, COLUMN()-2, ROW()-4) -> 32 Currency | K5: =INDEX($C$5:$R$20, COLUMN()-2, ROW()-4) -> 32 Currency | ... R5: =INDEX($C$5:$R$20, COLUMN()-2, ROW()-4) -> 232 Currency
A6: Berries | B6: {=_xludf.XLOOKUP(A6,Images!$A:$A,Images!$C:$C,"")} -> #NAME? | C6: {=_xludf.XLOOKUP("Sand",Images!$A:$A,Images!$C:$C,"")} -> #NAME? | D6: 12 Currency | E6: =INDEX($C$5:$R$20, COLUMN()-2, ROW()-4) -> #NAME? | F6: =INDEX($C$5:$R$20, COLUMN()-2, ROW()-4) -> 18 Currency | G6: =INDEX($C$5:$R$20, COLUMN()-2, ROW()-4) -> 1 Perk | H6: =INDEX($C$5:$R$20, COLUMN()-2, ROW()-4) -> Event Equipment (Hair of Madness) | I6: =INDEX($C$5:$R$20, COLUMN()-2, ROW()-4) -> 2 Perks | J6: =INDEX($C$5:$R$20, COLUMN()-2, ROW()-4) -> 4 Crafting Shards | K6: =INDEX($C$5:$R$20, COLUMN()-2, ROW()-4) -> 10 Raid Cards | L6: =INDEX($C$5:$R$20, COLUMN()-2, ROW()-4) -> 60 Currency | ... R6: =INDEX($C$5:$R$20, COLUMN()-2, ROW()-4) -> 3 Clan Scrolls
A7: Mushroom | B7: {=_xludf.XLOOKUP(A7,Images!$A:$A,Images!$C:$C,"")} -> #NAME? | C7: {=_xludf.XLOOKUP("Petal",Images!$A:$A,Images!$C:$C,"")} -> #NAME? | D7: {=_xludf.XLOOKUP("Acorn",Images!$A:$A,Images!$C:$C,"")} -> #NAME? | E7: 12 Currency | F7: =INDEX($C$5:$R$20, COLUMN()-2, ROW()-4) -> 6 Raid Cards | G7: =INDEX($C$5:$R$20, COLUMN()-2, ROW()-4) -> 1 Rare Equipment | H7: =INDEX($C$5:$R$20, COLUMN()-2, ROW()-4) -> 3 Eggs | I7: =INDEX($C$5:$R$20, COLUMN()-2, ROW()-4) -> Event Equipment (Lab Coat) | J7: =INDEX($C$5:$R$20, COLUMN()-2, ROW()-4) -> 4 Crafting Shards | K7: =INDEX($C$5:$R$20, COLUMN()-2, ROW()-4) -> 10 Raid Cards | L7: =INDEX($C$5:$R$20, COLUMN()-2, ROW()-4) -> 60 Currency | M7: =INDEX($C$5:$R$20, COLUMN()-2, ROW()-4) -> 2 Skill Points | ... R7: =INDEX($C$5:$R$20, COLUMN()-2, ROW()-4) -> 232 Currency
A8: Sand | B8: {=_xludf.XLOOKUP(A8,Images!$A:$A,Images!$C:$C,"")} -> #NAME? | C8: {=_xludf.XLOOKUP("Feather",Images!$A:$A,Images!$C:$C,"")} -> #NAME? | D8: 18 Currency | E8: 6 Raid Cards | F8: 2 Rare Equipment | G8: =INDEX($C$5:$R$20, COLUMN()-2, ROW()-4) -> #NAME? | H8: =INDEX($C$5:$R$20, COLUMN()-2, ROW()-4) -> 25 Currency | I8: =INDEX($C$5:$R$20, COLUMN()-2, ROW()-4) -> 2 Hero Weapons | J8: =INDEX($C$5:$R$20, COLUMN()-2, ROW()-4) -> 12 Raid Cards | K8: =INDEX($C$5:$R$20, COLUMN()-2, ROW()-4) -> 3 Rare Equipment | L8: =INDEX($C$5:$R$20, COLUMN()-2, ROW()-4) -> 9 Crafting Shards | M8: =INDEX($C$5:$R$20, COLUMN()-2, ROW()-4) -> 16 Wildcards | N8: =INDEX($C$5:$R$20, COLUMN()-2, ROW()-4) -> 66 Currency | ... R8: =INDEX($C$5:$R$20, COLUMN()-2, ROW()-4) -> 3 Clan Scrolls
A9: Petal | B9: {=_xludf.XLOOKUP(A9,Images!$A:$A,Images!$C:$C,"")} -> #NAME? | C9: 18 Currency | D9: 1 Perk | E9: 1 Rare Equipment | F9: {=_xludf.XLOOKUP("Spirit",Images!$A:$A,Images!$C:$C,"")} -> #NAME? | G9: 25 Currency | H9: =INDEX($C$5:$R$20, COLUMN()-2, ROW()-4) -> #NAME? | I9: =INDEX($C$5:$R$20, COLUMN()-2, ROW()-4) -> Event Equipment (Molecularization) | J9: =INDEX($C$5:$R$20, COLUMN()-2, ROW()-4) -> Event Equipment (Master of Elements) | K9: =INDEX($C$5:$R$20, COLUMN()-2, ROW()-4) -> 38 Currency | L9: =INDEX($C$5:$R$20, COLUMN()-2, ROW()-4) -> 66 Currency | M9: =INDEX($C$5:$R$20, COLUMN()-2, ROW()-4) -> 2 Skill Points | N9: =INDEX($C$5:$R$20, COLUMN()-2, ROW()-4) -> 22 Raid Cards | O9: =INDEX($C$5:$R$20, COLUMN()-2, ROW()-4) -> 122 Currency | ... R9: =INDEX($C$5:$R$20, COLUMN()-2, ROW()-4) -> 238 Currency
A10: Acorn | B10: {=_xludf.XLOOKUP(A10,Images!$A:$A,Images!$C:$C,"")} -> #NAME? | C10: 3 Eggs | D10: Event Equipment (Hair of Madness) | E10: 3 Eggs | F10: 25 Currency | G10: {=_xludf.XLOOKUP("Shadow",Images!$A:$A,Images!$C:$C,"")} -> #NAME? | H10: 25 Currency | I10: =INDEX($C$5:$R$20, COLUMN()-2, ROW()-4) -> #NAME? | J10: =INDEX($C$5:$R$20, COLUMN()-2, ROW()-4) -> 12 Raid Cards | K10: =INDEX($C$5:$R$20, COLUMN()-2, ROW()-4) -> 6 Eggs | L10: =INDEX($C$5:$R$20, COLUMN()-2, ROW()-4) -> 66 Currency | M10: =INDEX($C$5:$R$20, COLUMN()-2, ROW()-4) -> 22 Raid Cards | N10: =INDEX($C$5:$R$20, COLUMN()-2, ROW()-4) -> 66 Currency | O10: =INDEX($C$5:$R$20, COLUMN()-2, ROW()-4) -> 122 Currency | P10: =INDEX($C$5:$R$20, COLUMN()-2, ROW()-4) -> 40 Raid Cards | ... R10: =INDEX($C$5:$R$20, COLUMN()-2, ROW()-4) -> 79 Raid Cards
A11: Feather | B11: {=_xludf.XLOOKUP(A11,Images!$A:$A,Images!$C:$C,"")} -> #NAME? | C11: 15 Common Equipment | D11: 2 Perks | E11: Event Equipment (Lab Coat) | F11: 2 Hero Weapons | G11: Event Equipment (Molecularization) | H11: {=_xludf.XLOOKUP("Essence",Images!$A:$A,Images!$C:$C,"")} -> #NAME? | I11: 52 Currency | J11: =INDEX($C$5:$R$20, COLUMN()-2, ROW()-4) -> #NAME? | K11: =INDEX($C$5:$R$20, COLUMN()-2, ROW()-4) -> Legendary Equipment (Granite Mail) | L11: =INDEX($C$5:$R$20, COLUMN()-2, ROW()-4) -> 80 Currency | M11: =INDEX($C$5:$R$20, COLUMN()-2, ROW()-4) -> 80 Currency | N11: =INDEX($C$5:$R$20, COLUMN()-2, ROW()-4) -> 26 Raid Cards | O11: =INDEX($C$5:$R$20, COLUMN()-2, ROW()-4) -> 136 Currency | P11: =INDEX($C$5:$R$20, COLUMN()-2, ROW()-4) -> 45 Raid Cards | Q11: =INDEX($C$5:$R$20, COLUMN()-2, ROW()-4) -> 45 Raid Cards | R11: =INDEX($C$5:$R$20, COLUMN()-2, ROW()-4) -> 252 Currency
A12: Shadow | B12: {=_xludf.XLOOKUP(A12,Images!$A:$A,Images!$C:$C,"")} -> #NAME? | C12: 32 Currency | D12: 4 Crafting Shards | E12: 4 Crafting Shards | F12: 12 Raid Cards | G12: Event Equipment (Master of Elements) | H12: 12 Raid Cards | I12: {=_xludf.XLOOKUP("Beetle",Images!$A:$A,Images!$C:$C,"")} -> #NAME? | J12: 52 Currency | K12: =INDEX($C$5:$R$20, COLUMN()-2, ROW()-4) -> #NAME? | L12: =INDEX($C$5:$R$20, COLUMN()-2, ROW()-4) -> 13 Eggs | M12: =INDEX($C$5:$R$20, COLUMN()-2, ROW()-4) -> Legendary Equipment (Stone Hammer) | N12: =INDEX($C$5:$R$20, COLUMN()-2, ROW()-4) -> 13 Eggs | O12: =INDEX($C$5:$R$20, COLUMN()-2, ROW()-4) -> 136 Currency | P12: =INDEX($C$5:$R$20, COLUMN()-2, ROW()-4) -> 22 Eggs | Q12: =INDEX($C$5:$R$20, COLUMN()-2, ROW()-4) -> 136 Currency | R12: =INDEX($C$5:$R$20, COLUMN()-2, ROW()-4) -> 3 Fortune Scrolls
A13: Spirit | B13: {=_xludf.XLOOKUP(A13,Images!$A:$A,Images!$C:$C,"")} -> #NAME? | C13: 32 Currency | D13: 10 Raid Cards | E13: 10 Raid Cards | F13: 3 Rare Equipment | G13: 38 Currency | H13: 6 Eggs | I13: Legendary Equipment (Granite Mail) | J13: {=_xludf.XLOOKUP("Power",Images!$A:$A,Images!$C:$C,"")} -> #NAME? | K13: 52 Currency | L13: =INDEX($C$5:$R$20, COLUMN()-2, ROW()-4) -> 3 Skill Points | M13: =INDEX($C$5:$R$20, COLUMN()-2, ROW()-4) -> #NAME? | N13: =INDEX($C$5:$R$20, COLUMN()-2, ROW()-4) -> 26 Raid Cards | O13: =INDEX($C$5:$R$20, COLUMN()-2, ROW()-4) -> 19 Crafting Shards | P13: =INDEX($C$5:$R$20, COLUMN()-2, ROW()-4) -> 19 Crafting Shards | Q13: =INDEX($C$5:$R$20, COLUMN()-2, ROW()-4) -> 19 Crafting Shards | R13: =INDEX($C$5:$R$20, COLUMN()-2, ROW()-4) -> 252 Currency
A14: Essence | B14: {=_xludf.XLOOKUP(A14,Images!$A:$A,Images!$C:$C,"")} -> #NAME? | C14: 20 Raid Cards | D14: 60 Currency | E14: 60 Currency | F14: 9 Crafting Shards | G14: 66 Currency | H14: 66 Currency | I14: 80 Currency | J14: 13 Eggs | K14: 3 Skill Points | L14: 108 Currency | M14: =INDEX($C$5:$R$20, COLUMN()-2, ROW()-4) -> #NAME? | N14: =INDEX($C$5:$R$20, COLUMN()-2, ROW()-4) -> Avatar + 108 Currency | O14: =INDEX($C$5:$R$20, COLUMN()-2, ROW()-4) -> 8 Fortune Weapons | P14: =INDEX($C$5:$R$20, COLUMN()-2, ROW()-4) -> 54 Raid Cards | Q14: =INDEX($C$5:$R$20, COLUMN()-2, ROW()-4) -> 54 Raid Cards | R14: =INDEX($C$5:$R$20, COLUMN()-2, ROW()-4) -> 3 Fortune Scrolls
A15: Power | B15: {=_xludf.XLOOKUP(A15,Images!$A:$A,Images!$C:$C,"")} -> #NAME? | C15: 2 Skill Points | D15: 20 Currency | E15: 2 Skill Points | F15: 16 Wildcards | G15: 2 Skill Points | H15: 22 Raid Cards | I15: 80 Currency | J15: Legendary Equipment (Stone Hammer) | K15: {=_xludf.XLOOKUP("Steel",Images!$A:$A,Images!$C:$C,"")} -> #NAME? | L15: {=_xludf.XLOOKUP("Tooth",Images!$A:$A,Images!$C:$C,"")} -> #NAME? | M15: Legendary Equipment (Gravel Explosion) | N15: =INDEX($C$5:$R$20, COLUMN()-2, ROW()-4) -> #NAME? | O15: =INDEX($C$5:$R$20, COLUMN()-2, ROW()-4) -> 164 Currency | P15: =INDEX($C$5:$R$20, COLUMN()-2, ROW()-4) -> 164 Currency | Q15: =INDEX($C$5:$R$20, COLUMN()-2, ROW()-4) -> 41 Wildcards | R15: =INDEX($C$5:$R$20, COLUMN()-2, ROW()-4) -> 280 Currency
A16: Beetle | B16: {=_xludf.XLOOKUP(A16,Images!$A:$A,Images!$C:$C,"")} -> #NAME? | C16: 4 Hero Weapons | D16: 3 Perks | E16: 60 Currency | F16: 66 Currency | G16: 22 Raid Cards | H16: 66 Currency | I16: 26 Raid Cards | J16: 13 Eggs | K16: 26 Raid Cards | L16: Avatar + 108 Currency | M16: {=_xludf.XLOOKUP("Flame",Images!$A:$A,Images!$C:$C,"")} -> #NAME? | N16: 4 Skill Points | O16: =INDEX($C$5:$R$20, COLUMN()-2, ROW()-4) -> 8 Fortune Weapons | P16: =INDEX($C$5:$R$20, COLUMN()-2, ROW()-4) -> 2 Fortune Scrolls | Q16: =INDEX($C$5:$R$20, COLUMN()-2, ROW()-4) -> 6 Skill Points | R16: =INDEX($C$5:$R$20, COLUMN()-2, ROW()-4) -> 11 Skill Points
A17: Tooth | B17: {=_xludf.XLOOKUP(A17,Images!$A:$A,Images!$C:$C,"")} -> #NAME? | C17: 116 Currency | D17: 116 Currency | E17: 116 Currency | F17: 122 Currency | G17: 122 Currency | H17: 122 Currency | I17: 136 Currency | J17: 136 Currency | K17: 19 Crafting Shards | L17: 8 Fortune Weapons | M17: 164 Currency | N17: 8 Fortune Weapons | O17: 220 Currency | P17: =INDEX($C$5:$R$20, COLUMN()-2, ROW()-4) -> 11 Fortune Weapons | Q17: =INDEX($C$5:$R$20, COLUMN()-2, ROW()-4) -> #NAME? | R17: =INDEX($C$5:$R$20, COLUMN()-2, ROW()-4) -> 84 Wildcards
A18: Flame | B18: {=_xludf.XLOOKUP(A18,Images!$A:$A,Images!$C:$C,"")} -> #NAME? | C18: 1 Clan Scroll | D18: 116 Currency | E18: 116 Currency | F18: 122 Currency | G18: 122 Currency | H18: 40 Raid Cards | I18: 45 Raid Cards | J18: 22 Eggs | K18: 19 Crafting Shards | L18: 54 Raid Cards | M18: 164 Currency | N18: 2 Fortune Scrolls | O18: 11 Fortune Weapons | P18: 220 Currency | Q18: =INDEX($C$5:$R$20, COLUMN()-2, ROW()-4) -> 220 Currency | R18: =INDEX($C$5:$R$20, COLUMN()-2, ROW()-4) -> 84 Wildcards
A19: Steel | B19: {=_xludf.XLOOKUP(A19,Images!$A:$A,Images!$C:$C,"")} -> #NAME? | C19: 116 Currency | D19: 116 Currency | E19: 116 Currency | F19: 12 Rare Equipment | G19: 8 Hero Weapons | H19: 122 Currency | I19: 45 Raid Cards | J19: 136 Currency | K19: 19 Crafting Shards | L19: 54 Raid Cards | M19: 41 Wildcards | N19: 6 Skill Points | O19: {=_xludf.XLOOKUP("Scale",Images!$A:$A,Images!$C:$C,"")} -> #NAME? | P19: 220 Currency | Q19: 2 Fortune Scrolls | R19: {=INDEX($C$5:$R$20, COLUMN()-2, ROW()-4)} -> 336 Currency
A20: Scale | B20: {=_xludf.XLOOKUP(A20,Images!$A:$A,Images!$C:$C,"")} -> #NAME? | C20: 232 Currency | D20: 3 Clan Scrolls | E20: 232 Currency | F20: 3 Clan Scrolls | G20: 238 Currency | H20: 79 Raid Cards | I20: 252 Currency | J20: 3 Fortune Scrolls | K20: 252 Currency | L20: 3 Fortune Scrolls | M20: 280 Currency | N20: 11 Skill Points | O20: 84 Wildcards | P20: 84 Wildcards | Q20: 336 Currency | R20: 1 Legendary Equipment

Sheet Recipe Matrix
A1: TT2 Alchemy Recipe Book
A2: - - - - - - A collection of all Alchemy Ingredients, Recipes, and Rewards - - - - - - by: rawrzcookie - - - - - -
B3: {=TRANSPOSE(A4:A19)} -> Poison | C3: Tooth | D3: Steel | E3: Power | F3: Spirit | G3: Feather | H3: Egg | I3: Mushroom | J3: Pepper | K3: Sand | L3: Lightning | M3: Beetle | N3: Flame | O3: Scale | P3: Essence | Q3: Shadow
A4: Poison | B4: 1 Pet Egg | C4: Power | D4: Spirit | E4: Event Equipment | F4: 18 Currency | G4: Egg | H4: 1 Skill Point | I4: 32 Currency | J4: 32 Currency | K4: 20 Raid Cards | L4: 2 Skill Points | M4: 4 Hero Weapons | N4: 116 Currency | O4: 1 Clan Scroll | P4: 116 Currency | Q4: 222 Currency
A5: Tooth | B5: Power | C5: 12 Currency | D5: Feather | E5: 18 Currency | F5: 1 Perk | G5: Event Equipment | H5: 10 Raid Cards | I5: 4 Crafting Shards | J5: 2 Perks | K5: 60 Currency | L5: 20 Raid Cards | M5: 3 Perks | N5: 116 Currency | O5: 116 Currency | P5: 116 Currency | Q5: 3 Clan Scrolls
A6: Steel | B6: Spirit | C6: Feather | D6: 12 Currency | E6: 6 Raid Cards | F6: 1 Rare Equipment | G6: 3 Pet Eggs | H6: 10 Raid Cards | I6: 4 Crafting Shards | J6: Event Equipment (Lab Coat) | K6: 60 Currency | L6: 2 Skill Points | M6: 60 Currency | N6: 116 currency | O6: 116 Currency | P6: 116 Currency | Q6: 232 Currency
A7: Power | B7: Event Equipment | C7: 18 Currency | D7: 6 Raid Cards | E7: 2 Rare Equipment | F7: 25 Currency | G7: Pepper | H7: 2 Hero Weapons | I7: 12 Raid Cards | J7: 3 Rare Equipment | K7: 9 Crafting Shards | L7: 16 Wildcards | M7: 66 Currency | N7: 122 Currency | O7: 122 Currency | P7: 12 Rare Equipment | Q7: 3 Clan Scrolls
A8: Spirit | B8: 18 Currency | C8: 1 Perk | D8: 1 Rare Equipment | E8: 25 Currency | F8: 25 Currency | G8: Mushroom | H8: 38 Currency | I8: 38 Currency | J8: Event Equipment | K8: 66 Currency | L8: 2 Skill Points | M8: 22 Raid Cards | N8: 122 Currency | O8: Event Equipment | P8: 8 Hero Weapons | Q8: 238 Currency
A9: Feather | B9: Egg | C9: Event Equipment | D9: 3 Pet Eggs | E9: Pepper | F9: Mushroom | G9: 25 Currency | H9: 6 Pet Eggs | I9: 12 Raid Cards | J9: Sand | K9: 66 Currency | L9: 22 Raid cards | M9: 66 Currency | N9: 122 Currency | O9: 122 Currency | P9: 40 Raid Cards | Q9: 39 Pet Eggs
A10: Egg | B10: 1 Skill Point | C10: 10 Raid Cards | D10: 10 Raid Cards | E10: 2 Hero Weapons | F10: 38 Currency | G10: 6 Pet Eggs | H10: 52 Currency | I10: Legendary Equip (Shadowgold Armor) | J10: Beetle | K10: 13 Pet Eggs | L10: 80 Currency | M10: 26 Raid Cards | N10: 136 Currency | O10: 136 Currency | P10: 45 Raid Cards | Q10: 252 Currency
A11: Mushroom | B11: 32 Currency | C11: 4 Crafting Shards | D11: 4 Crafting Shards | E11: 12 Raid Cards | F11: 38 Currency | G11: 12 Raid Cards | H11: Legendary Equip (Shadowgold Armor) | I11: 52 Currency | J11: Lightning | K11: 13 Pet Eggs | L11: Legendary Equipment (Shadowgold Goblet) | M11: 13 Pet Eggs | N11: 136 Currency | O11: 22 Pet Eggs | P11: 19 Crafting Shards | Q11: 3 Fortune Scrolls
A12: Pepper | B12: 32 Currency | C12: 2 Perks | D12: Event Equipment (Lab Coat) | E12: 3 Rare Equipment | F12: Event Equipment (Master of Elements) | G12: Sand | H12: Beetle | I12: Lightning | J12: 52 Currency | K12: 3 Skill Points | L12: Essence | M12: 11 Crafting Shards | N12: 19 Crafting Shards | O12: 19 Crafting Shards | P12: 19 Crafting Shards | Q12: 252 Currency
A13: Sand | B13: 20 Raid Cards | C13: 60 Currency | D13: 60 Currency | E13: 9 Crafting Shards | F13: 66 Currency | G13: 66 Currency | H13: 13 Pet Eggs | I13: 13 Pet Eggs | J13: 3 Skill Points | K13: 108 Currency | L13: 108 Currency | M13: Flame | N13: 8 Fortune Weapons | O13: 54 Raid Cards | P13: 54 Raid Cards | Q13: 3 Fortune Scrolls
A14: Lightning | B14: 2 Skill Points | C14: 20 Raid Cards | D14: 2 Skill Points | E14: 16 Wildcards | F14: 2 Skill Points | G14: 22 Raid cards | H14: 80 Currency | I14: Legendary Equipment | J14: Essence | K14: 108 Currency | L14: Legendary Equipment (Shackles of Greed) | M14: Scale | N14: 164 Currency | O14: 164 Currency | P14: 41 Wildcards | Q14: 280 Currency
A15: Beetle | B15: 4 Hero Weapons | C15: 3 Perks | D15: 60 Currency | E15: 66 Currency | F15: 22 Raid Cards | G15: 66 Currency | H15: 26 Raid Cards | I15: 13 Pet Eggs | J15: 11 Crafting Shards | K15: Flame | L15: Scale | M15: 4 Skill Points | N15: Legendary Equipment | O15: Legendary Equipment | P15: 6 Skill Point | Q15: 11 Skill Points
... A19: Shadow | B19: 222 Currency | C19: 3 Clan Scrolls | D19: 232 Currency | E19: 3 Clan Scrolls | F19: 238 Currency | G19: 39 Pet Eggs | H19: 252 Currency | I19: 3 Fortune Scrolls | J19: 252 Currency | K19: 3 Fortune Scrolls | L19: 280 Currency | M19: 11 Skill Points | N19: 84 Wildcards | O19: 84 Wildcards | P19: 336 Currency | Q19: 1 Legendary Insult

Sheet Calculations
AB1: chec
B2: Poison | C2: Tooth | D2: Steel | E2: Power | F2: Spirit | G2: Feather | H2: Egg | I2: Mushroom | J2: Pepper | K2: Sand | L2: Lightning | M2: Beetle | N2: Flame | O2: Scale | P2: Essence | Q2: Shadow | X2: Old | Y2: New | AH2: Old
A3: Poison | B3: ='Recipe Matrix'!B4 -> 1 Pet Egg | C3: ='Recipe Matrix'!C4 -> Power | D3: ='Recipe Matrix'!D4 -> Spirit | E3: ='Recipe Matrix'!E4 -> Event Equipment | F3: ='Recipe Matrix'!F4 -> 18 Currency | G3: ='Recipe Matrix'!G4 -> Egg | H3: ='Recipe Matrix'!H4 -> 1 Skill Point | I3: ='Recipe Matrix'!I4 -> 32 Currency | ... Q3: ='Recipe Matrix'!Q4 -> 222 Currency | S3: {=_xlfn.UNIQUE(_xlfn.TOCOL(B3:Q18))} -> 1 Pet Egg | U3: =IF(ISNUMBER(1*LEFT(S3, 1)), RIGHT(S3,LEN(S3)-SEARCH(" ",S3)),S3) -> Pet Egg | V3: =ISNUMBER(MATCH(U3,$A$3:$A$18,0)) -> FALSE | X3: {=_xlfn._xlws.SORT(_xlfn.UNIQUE(_xlfn._xlws.FILTER(U3:U127,V3:V127=FALSE)),1,-1)} -> Wildcards | Y3: =X3 -> Wildcards | AC3: {=_xlfn.UNIQUE(_xlfn.TOCOL(B22:Q37))} -> 1 Pet Eggs | AE3: =IF(ISNUMBER(1*LEFT(AC3, 1)), RIGHT(AC3,LEN(AC3)-SEARCH(" ",AC3)),AC3) -> Pet Eggs | AF3: =ISNUMBER(MATCH(AE3,$A$3:$A$18,0)) -> FALSE | AH3: {=_xlfn._xlws.SORT(_xlfn.UNIQUE(_xlfn._xlws.FILTER(AE3:AE127,AF3:AF127=FALSE)))} -> 0
A4: Tooth | B4: ='Recipe Matrix'!B5 -> Power | C4: ='Recipe Matrix'!C5 -> 12 Currency | D4: ='Recipe Matrix'!D5 -> Feather | E4: ='Recipe Matrix'!E5 -> 18 Currency | F4: ='Recipe Matrix'!F5 -> 1 Perk | G4: ='Recipe Matrix'!G5 -> Event Equipment | H4: ='Recipe Matrix'!H5 -> 10 Raid Cards | I4: ='Recipe Matrix'!I5 -> 4 Crafting Shards | ... Q4: ='Recipe Matrix'!Q5 -> 3 Clan Scrolls | S4: Power | U4: =IF(ISNUMBER(1*LEFT(S4, 1)), RIGHT(S4,LEN(S4)-SEARCH(" ",S4)),S4) -> Power | V4: =ISNUMBER(MATCH(U4,$A$3:$A$18,0)) -> TRUE | X4: Skill Points | Y4: Skill Point | AC4: Power | AE4: =IF(ISNUMBER(1*LEFT(AC4, 1)), RIGHT(AC4,LEN(AC4)-SEARCH(" ",AC4)),AC4) -> Power | AF4: =ISNUMBER(MATCH(AE4,$A$3:$A$18,0)) -> TRUE | AH4: Clan Scrolls
A5: Steel | B5: ='Recipe Matrix'!B6 -> Spirit | C5: ='Recipe Matrix'!C6 -> Feather | D5: ='Recipe Matrix'!D6 -> 12 Currency | E5: ='Recipe Matrix'!E6 -> 6 Raid Cards | F5: ='Recipe Matrix'!F6 -> 1 Rare Equipment | G5: ='Recipe Matrix'!G6 -> 3 Pet Eggs | H5: ='Recipe Matrix'!H6 -> 10 Raid Cards | I5: ='Recipe Matrix'!I6 -> 4 Crafting Shards | ... Q5: ='Recipe Matrix'!Q6 -> 232 Currency | S5: Spirit | U5: =IF(ISNUMBER(1*LEFT(S5, 1)), RIGHT(S5,LEN(S5)-SEARCH(" ",S5)),S5) -> Spirit | V5: =ISNUMBER(MATCH(U5,$A$3:$A$18,0)) -> TRUE | X5: Skill Point | Y5: Skill Points | AC5: Spirit | AE5: =IF(ISNUMBER(1*LEFT(AC5, 1)), RIGHT(AC5,LEN(AC5)-SEARCH(" ",AC5)),AC5) -> Spirit | AF5: =ISNUMBER(MATCH(AE5,$A$3:$A$18,0)) -> TRUE | AH5: Crafting Shards
A6: Power | B6: ='Recipe Matrix'!B7 -> Event Equipment | C6: ='Recipe Matrix'!C7 -> 18 Currency | D6: ='Recipe Matrix'!D7 -> 6 Raid Cards | E6: ='Recipe Matrix'!E7 -> 2 Rare Equipment | F6: ='Recipe Matrix'!F7 -> 25 Currency | G6: ='Recipe Matrix'!G7 -> Pepper | H6: ='Recipe Matrix'!H7 -> 2 Hero Weapons | I6: ='Recipe Matrix'!I7 -> 12 Raid Cards | ... Q6: ='Recipe Matrix'!Q7 -> 3 Clan Scrolls | S6: Event Equipment | U6: =IF(ISNUMBER(1*LEFT(S6, 1)), RIGHT(S6,LEN(S6)-SEARCH(" ",S6)),S6) -> Event Equipment | V6: =ISNUMBER(MATCH(U6,$A$3:$A$18,0)) -> FALSE | X6: Rare Equipment | Y6: Event Equipment | AC6: Event Equipment | AE6: =IF(ISNUMBER(1*LEFT(AC6, 1)), RIGHT(AC6,LEN(AC6)-SEARCH(" ",AC6)),AC6) -> Event Equipment | AF6: =ISNUMBER(MATCH(AE6,$A$3:$A$18,0)) -> FALSE | AH6: Currency
A7: Spirit | B7: ='Recipe Matrix'!B8 -> 18 Currency | C7: ='Recipe Matrix'!C8 -> 1 Perk | D7: ='Recipe Matrix'!D8 -> 1 Rare Equipment | E7: ='Recipe Matrix'!E8 -> 25 Currency | F7: ='Recipe Matrix'!F8 -> 25 Currency | G7: ='Recipe Matrix'!G8 -> Mushroom | H7: ='Recipe Matrix'!H8 -> 38 Currency | I7: ='Recipe Matrix'!I8 -> 38 Currency | ... Q7: ='Recipe Matrix'!Q8 -> 238 Currency | S7: 18 Currency | U7: =IF(ISNUMBER(1*LEFT(S7, 1)), RIGHT(S7,LEN(S7)-SEARCH(" ",S7)),S7) -> Currency | V7: =ISNUMBER(MATCH(U7,$A$3:$A$18,0)) -> FALSE | X7: Raid Cards | Y7: Raid Cards | AC7: 18 Currency | AE7: =IF(ISNUMBER(1*LEFT(AC7, 1)), RIGHT(AC7,LEN(AC7)-SEARCH(" ",AC7)),AC7) -> Currency | AF7: =ISNUMBER(MATCH(AE7,$A$3:$A$18,0)) -> FALSE | AH7: Event Equipment
A8: Feather | B8: ='Recipe Matrix'!B9 -> Egg | C8: ='Recipe Matrix'!C9 -> Event Equipment | D8: ='Recipe Matrix'!D9 -> 3 Pet Eggs | E8: ='Recipe Matrix'!E9 -> Pepper | F8: ='Recipe Matrix'!F9 -> Mushroom | G8: ='Recipe Matrix'!G9 -> 25 Currency | H8: ='Recipe Matrix'!H9 -> 6 Pet Eggs | I8: ='Recipe Matrix'!I9 -> 12 Raid Cards | ... Q8: ='Recipe Matrix'!Q9 -> 39 Pet Eggs | S8: Egg | U8: =IF(ISNUMBER(1*LEFT(S8, 1)), RIGHT(S8,LEN(S8)-SEARCH(" ",S8)),S8) -> Egg | V8: =ISNUMBER(MATCH(U8,$A$3:$A$18,0)) -> TRUE | X8: Pet Eggs | Y8: Pet Egg | AC8: Egg | AE8: =IF(ISNUMBER(1*LEFT(AC8, 1)), RIGHT(AC8,LEN(AC8)-SEARCH(" ",AC8)),AC8) -> Egg | AF8: =ISNUMBER(MATCH(AE8,$A$3:$A$18,0)) -> TRUE | AH8: Fortune Scrolls
A9: Egg | B9: ='Recipe Matrix'!B10 -> 1 Skill Point | C9: ='Recipe Matrix'!C10 -> 10 Raid Cards | D9: ='Recipe Matrix'!D10 -> 10 Raid Cards | E9: ='Recipe Matrix'!E10 -> 2 Hero Weapons | F9: ='Recipe Matrix'!F10 -> 38 Currency | G9: ='Recipe Matrix'!G10 -> 6 Pet Eggs | H9: ='Recipe Matrix'!H10 -> 52 Currency | I9: ='Recipe Matrix'!I10 -> Legendary Equip (Shadowgold Armor) | ... Q9: ='Recipe Matrix'!Q10 -> 252 Currency | S9: 1 Skill Point | U9: =IF(ISNUMBER(1*LEFT(S9, 1)), RIGHT(S9,LEN(S9)-SEARCH(" ",S9)),S9) -> Skill Point | V9: =ISNUMBER(MATCH(U9,$A$3:$A$18,0)) -> FALSE | X9: Pet Egg | Y9: Pet Eggs | AC9: 1 Skill Points | AE9: =IF(ISNUMBER(1*LEFT(AC9, 1)), RIGHT(AC9,LEN(AC9)-SEARCH(" ",AC9)),AC9) -> Skill Points | AF9: =ISNUMBER(MATCH(AE9,$A$3:$A$18,0)) -> FALSE | AH9: Fortune Weapons
A10: Mushroom | B10: ='Recipe Matrix'!B11 -> 32 Currency | C10: ='Recipe Matrix'!C11 -> 4 Crafting Shards | D10: ='Recipe Matrix'!D11 -> 4 Crafting Shards | E10: ='Recipe Matrix'!E11 -> 12 Raid Cards | F10: ='Recipe Matrix'!F11 -> 38 Currency | G10: ='Recipe Matrix'!G11 -> 12 Raid Cards | H10: ='Recipe Matrix'!H11 -> Legendary Equip (Shadowgold Armor) | I10: ='Recipe Matrix'!I11 -> 52 Currency | ... Q10: ='Recipe Matrix'!Q11 -> 3 Fortune Scrolls | S10: 32 Currency | U10: =IF(ISNUMBER(1*LEFT(S10, 1)), RIGHT(S10,LEN(S10)-SEARCH(" ",S10)),S10) -> Currency | V10: =ISNUMBER(MATCH(U10,$A$3:$A$18,0)) -> FALSE | X10: Perks | Y10: Perk | AC10: 32 Currency | AE10: =IF(ISNUMBER(1*LEFT(AC10, 1)), RIGHT(AC10,LEN(AC10)-SEARCH(" ",AC10)),AC10) -> Currency | AF10: =ISNUMBER(MATCH(AE10,$A$3:$A$18,0)) -> FALSE | AH10: Hero Weapons
A11: Pepper | B11: ='Recipe Matrix'!B12 -> 32 Currency | C11: ='Recipe Matrix'!C12 -> 2 Perks | D11: ='Recipe Matrix'!D12 -> Event Equipment (Lab Coat) | E11: ='Recipe Matrix'!E12 -> 3 Rare Equipment | F11: ='Recipe Matrix'!F12 -> Event Equipment (Master of Elements) | G11: ='Recipe Matrix'!G12 -> Sand | H11: ='Recipe Matrix'!H12 -> Beetle | I11: ='Recipe Matrix'!I12 -> Lightning | ... Q11: ='Recipe Matrix'!Q12 -> 252 Currency | S11: 20 Raid Cards | U11: =IF(ISNUMBER(1*LEFT(S11, 1)), RIGHT(S11,LEN(S11)-SEARCH(" ",S11)),S11) -> Raid Cards | V11: =ISNUMBER(MATCH(U11,$A$3:$A$18,0)) -> FALSE | X11: Perk | Y11: Perks | AC11: 2 Raid Cards | AE11: =IF(ISNUMBER(1*LEFT(AC11, 1)), RIGHT(AC11,LEN(AC11)-SEARCH(" ",AC11)),AC11) -> Raid Cards | AF11: =ISNUMBER(MATCH(AE11,$A$3:$A$18,0)) -> FALSE | AH11: Legendary Equipment
A12: Sand | B12: ='Recipe Matrix'!B13 -> 20 Raid Cards | C12: ='Recipe Matrix'!C13 -> 60 Currency | D12: ='Recipe Matrix'!D13 -> 60 Currency | E12: ='Recipe Matrix'!E13 -> 9 Crafting Shards | F12: ='Recipe Matrix'!F13 -> 66 Currency | G12: ='Recipe Matrix'!G13 -> 66 Currency | H12: ='Recipe Matrix'!H13 -> 13 Pet Eggs | I12: ='Recipe Matrix'!I13 -> 13 Pet Eggs | ... Q12: ='Recipe Matrix'!Q13 -> 3 Fortune Scrolls | S12: 2 Skill Points | U12: =IF(ISNUMBER(1*LEFT(S12, 1)), RIGHT(S12,LEN(S12)-SEARCH(" ",S12)),S12) -> Skill Points | V12: =ISNUMBER(MATCH(U12,$A$3:$A$18,0)) -> FALSE | X12: Legendary Insult | Y12: Legendary Equipment | AC12: 2 Skill Points | AE12: =IF(ISNUMBER(1*LEFT(AC12, 1)), RIGHT(AC12,LEN(AC12)-SEARCH(" ",AC12)),AC12) -> Skill Points | AF12: =ISNUMBER(MATCH(AE12,$A$3:$A$18,0)) -> FALSE | AH12: Perks
A13: Lightning | B13: ='Recipe Matrix'!B14 -> 2 Skill Points | C13: ='Recipe Matrix'!C14 -> 20 Raid Cards | D13: ='Recipe Matrix'!D14 -> 2 Skill Points | E13: ='Recipe Matrix'!E14 -> 16 Wildcards | F13: ='Recipe Matrix'!F14 -> 2 Skill Points | G13: ='Recipe Matrix'!G14 -> 22 Raid cards | H13: ='Recipe Matrix'!H14 -> 80 Currency | I13: ='Recipe Matrix'!I14 -> Legendary Equipment | ... Q13: ='Recipe Matrix'!Q14 -> 280 Currency | S13: 4 Hero Weapons | U13: =IF(ISNUMBER(1*LEFT(S13, 1)), RIGHT(S13,LEN(S13)-SEARCH(" ",S13)),S13) -> Hero Weapons | V13: =ISNUMBER(MATCH(U13,$A$3:$A$18,0)) -> FALSE | X13: Legendary Equipment (Shadowgold Goblet) | Y13: Legendary Equipment | AC13: 4 Hero Weapons | AE13: =IF(ISNUMBER(1*LEFT(AC13, 1)), RIGHT(AC13,LEN(AC13)-SEARCH(" ",AC13)),AC13) -> Hero Weapons | AF13: =ISNUMBER(MATCH(AE13,$A$3:$A$18,0)) -> FALSE | AH13: Pet Eggs
A14: Beetle | B14: ='Recipe Matrix'!B15 -> 4 Hero Weapons | C14: ='Recipe Matrix'!C15 -> 3 Perks | D14: ='Recipe Matrix'!D15 -> 60 Currency | E14: ='Recipe Matrix'!E15 -> 66 Currency | F14: ='Recipe Matrix'!F15 -> 22 Raid Cards | G14: ='Recipe Matrix'!G15 -> 66 Currency | H14: ='Recipe Matrix'!H15 -> 26 Raid Cards | I14: ='Recipe Matrix'!I15 -> 13 Pet Eggs | ... Q14: ='Recipe Matrix'!Q15 -> 11 Skill Points | S14: 116 Currency | U14: =IF(ISNUMBER(1*LEFT(S14, 1)), RIGHT(S14,LEN(S14)-SEARCH(" ",S14)),S14) -> Currency | V14: =ISNUMBER(MATCH(U14,$A$3:$A$18,0)) -> FALSE | X14: Legendary Equipment (Shackles of Greed) | Y14: Legendary Equipment | AC14: 116 Currency | AE14: =IF(ISNUMBER(1*LEFT(AC14, 1)), RIGHT(AC14,LEN(AC14)-SEARCH(" ",AC14)),AC14) -> Currency | AF14: =ISNUMBER(MATCH(AE14,$A$3:$A$18,0)) -> FALSE | AH14: Raid Cards
A15: Flame | B15: ='Recipe Matrix'!B16 -> 116 Currency | C15: ='Recipe Matrix'!C16 -> 116 Currency | D15: ='Recipe Matrix'!D16 -> 116 currency | E15: ='Recipe Matrix'!E16 -> 122 Currency | F15: ='Recipe Matrix'!F16 -> 122 Currency | G15: ='Recipe Matrix'!G16 -> 122 Currency | H15: ='Recipe Matrix'!H16 -> 136 Currency | I15: ='Recipe Matrix'!I16 -> 136 Currency | ... Q15: ='Recipe Matrix'!Q16 -> 84 Wildcards | S15: 1 Clan Scroll | U15: =IF(ISNUMBER(1*LEFT(S15, 1)), RIGHT(S15,LEN(S15)-SEARCH(" ",S15)),S15) -> Clan Scroll | V15: =ISNUMBER(MATCH(U15,$A$3:$A$18,0)) -> FALSE | X15: Legendary Equipment | Y15: Legendary Equipment | AC15: 1 Clan Scrolls | AE15: =IF(ISNUMBER(1*LEFT(AC15, 1)), RIGHT(AC15,LEN(AC15)-SEARCH(" ",AC15)),AC15) -> Clan Scrolls | AF15: =ISNUMBER(MATCH(AE15,$A$3:$A$18,0)) -> FALSE | AH15: Skill Points
A16: Scale | B16: ='Recipe Matrix'!B17 -> 1 Clan Scroll | C16: ='Recipe Matrix'!C17 -> 116 Currency | D16: ='Recipe Matrix'!D17 -> 116 Currency | E16: ='Recipe Matrix'!E17 -> 122 Currency | F16: ='Recipe Matrix'!F17 -> Event Equipment | G16: ='Recipe Matrix'!G17 -> 122 Currency | H16: ='Recipe Matrix'!H17 -> 136 Currency | I16: ='Recipe Matrix'!I17 -> 22 Pet Eggs | ... Q16: ='Recipe Matrix'!Q17 -> 84 Wildcards | S16: 222 Currency | U16: =IF(ISNUMBER(1*LEFT(S16, 1)), RIGHT(S16,LEN(S16)-SEARCH(" ",S16)),S16) -> Currency | V16: =ISNUMBER(MATCH(U16,$A$3:$A$18,0)) -> FALSE | X16: Legendary Equip (Shadowgold Armor) | Y16: Legendary Equipment | AC16: 222 Currency | AE16: =IF(ISNUMBER(1*LEFT(AC16, 1)), RIGHT(AC16,LEN(AC16)-SEARCH(" ",AC16)),AC16) -> Currency | AF16: =ISNUMBER(MATCH(AE16,$A$3:$A$18,0)) -> FALSE | AH16: Wildcards
A17: Essence | B17: ='Recipe Matrix'!B18 -> 116 Currency | C17: ='Recipe Matrix'!C18 -> 116 Currency | D17: ='Recipe Matrix'!D18 -> 116 Currency | E17: ='Recipe Matrix'!E18 -> 12 Rare Equipment | F17: ='Recipe Matrix'!F18 -> 8 Hero Weapons | G17: ='Recipe Matrix'!G18 -> 40 Raid Cards | H17: ='Recipe Matrix'!H18 -> 45 Raid Cards | I17: ='Recipe Matrix'!I18 -> 19 Crafting Shards | ... Q17: ='Recipe Matrix'!Q18 -> 336 Currency | S17: 12 Currency | U17: =IF(ISNUMBER(1*LEFT(S17, 1)), RIGHT(S17,LEN(S17)-SEARCH(" ",S17)),S17) -> Currency | V17: =ISNUMBER(MATCH(U17,$A$3:$A$18,0)) -> FALSE | X17: Hero Weapons | Y17: Hero Weapons | AC17: 12 Currency | AE17: =IF(ISNUMBER(1*LEFT(AC17, 1)), RIGHT(AC17,LEN(AC17)-SEARCH(" ",AC17)),AC17) -> Currency | AF17: =ISNUMBER(MATCH(AE17,$A$3:$A$18,0)) -> FALSE
A18: Shadow | B18: ='Recipe Matrix'!B19 -> 222 Currency | C18: ='Recipe Matrix'!C19 -> 3 Clan Scrolls | D18: ='Recipe Matrix'!D19 -> 232 Currency | E18: ='Recipe Matrix'!E19 -> 3 Clan Scrolls | F18: ='Recipe Matrix'!F19 -> 238 Currency | G18: ='Recipe Matrix'!G19 -> 39 Pet Eggs | H18: ='Recipe Matrix'!H19 -> 252 Currency | I18: ='Recipe Matrix'!I19 -> 3 Fortune Scrolls | ... Q18: ='Recipe Matrix'!Q19 -> 1 Legendary Insult | S18: Feather | U18: =IF(ISNUMBER(1*LEFT(S18, 1)), RIGHT(S18,LEN(S18)-SEARCH(" ",S18)),S18) -> Feather | V18: =ISNUMBER(MATCH(U18,$A$3:$A$18,0)) -> TRUE | X18: Fortune Weapons | Y18: Fortune Weapons | AC18: Feather | AE18: =IF(ISNUMBER(1*LEFT(AC18, 1)), RIGHT(AC18,LEN(AC18)-SEARCH(" ",AC18)),AC18) -> Feather | AF18: =ISNUMBER(MATCH(AE18,$A$3:$A$18,0)) -> TRUE
S19: 1 Perk | U19: =IF(ISNUMBER(1*LEFT(S19, 1)), RIGHT(S19,LEN(S19)-SEARCH(" ",S19)),S19) -> Perk | V19: =ISNUMBER(MATCH(U19,$A$3:$A$18,0)) -> FALSE | X19: Fortune Scrolls | Y19: Fortune Scrolls | AC19: 1 Perks | AE19: =IF(ISNUMBER(1*LEFT(AC19, 1)), RIGHT(AC19,LEN(AC19)-SEARCH(" ",AC19)),AC19) -> Perks | AF19: =ISNUMBER(MATCH(AE19,$A$3:$A$18,0)) -> FALSE
A20: Substituted | S20: 10 Raid Cards | U20: =IF(ISNUMBER(1*LEFT(S20, 1)), RIGHT(S20,LEN(S20)-SEARCH(" ",S20)),S20) -> Raid Cards | V20: =ISNUMBER(MATCH(U20,$A$3:$A$18,0)) -> FALSE | X20: Event Equipment (Master of Elements) | Y20: Event Equipment | AC20: 1 Raid Cards | AE20: =IF(ISNUMBER(1*LEFT(AC20, 1)), RIGHT(AC20,LEN(AC20)-SEARCH(" ",AC20)),AC20) -> Raid Cards | AF20: =ISNUMBER(MATCH(AE20,$A$3:$A$18,0)) -> FALSE
A21: {=_xlfn.LET( _xlpm.txt, A2, _xlpm.findRange, $X$3:$X$30, _xlpm.replRange, $Y$3:$Y$30, _xlpm.n, ROWS(_xlpm.findRange), _xlfn.REDUCE( _xlpm.txt, _xlfn.SEQUENCE(_xlpm.n), _xlfn.LAMBDA(_xlpm.acc,_xlpm.i, SUBSTITUTE( _xlpm.acc, INDEX(_xlpm.findRange, _xlpm.i), INDEX(_xlpm.replRange, _xlpm.i) ) ) ) )} | B21: {=_xlfn.LET( _xlpm.txt, B2, _xlpm.findRange, $X$3:$X$30, _xlpm.replRange, $Y$3:$Y$30, _xlpm.n, ROWS(_xlpm.findRange), _xlfn.REDUCE( _xlpm.txt, _xlfn.SEQUENCE(_xlpm.n), _xlfn.LAMBDA(_xlpm.acc,_xlpm.i, SUBSTITUTE( _xlpm.acc, INDEX(_xlpm.findRange, _xlpm.i), INDEX(_xlpm.replRange, _xlpm.i) ) ) ) )} -> Poison | C21: {=_xlfn.LET( _xlpm.txt, C2, _xlpm.findRange, $X$3:$X$30, _xlpm.replRange, $Y$3:$Y$30, _xlpm.n, ROWS(_xlpm.findRange), _xlfn.REDUCE( _xlpm.txt, _xlfn.SEQUENCE(_xlpm.n), _xlfn.LAMBDA(_xlpm.acc,_xlpm.i, SUBSTITUTE( _xlpm.acc, INDEX(_xlpm.findRange, _xlpm.i), INDEX(_xlpm.replRange, _xlpm.i) ) ) ) )} -> Tooth | D21: {=_xlfn.LET( _xlpm.txt, D2, _xlpm.findRange, $X$3:$X$30, _xlpm.replRange, $Y$3:$Y$30, _xlpm.n, ROWS(_xlpm.findRange), _xlfn.REDUCE( _xlpm.txt, _xlfn.SEQUENCE(_xlpm.n), _xlfn.LAMBDA(_xlpm.acc,_xlpm.i, SUBSTITUTE( _xlpm.acc, INDEX(_xlpm.findRange, _xlpm.i), INDEX(_xlpm.replRange, _xlpm.i) ) ) ) )} -> Steel | E21: {=_xlfn.LET( _xlpm.txt, E2, _xlpm.findRange, $X$3:$X$30, _xlpm.replRange, $Y$3:$Y$30, _xlpm.n, ROWS(_xlpm.findRange), _xlfn.REDUCE( _xlpm.txt, _xlfn.SEQUENCE(_xlpm.n), _xlfn.LAMBDA(_xlpm.acc,_xlpm.i, SUBSTITUTE( _xlpm.acc, INDEX(_xlpm.findRange, _xlpm.i), INDEX(_xlpm.replRange, _xlpm.i) ) ) ) )} -> Power | F21: {=_xlfn.LET( _xlpm.txt, F2, _xlpm.findRange, $X$3:$X$30, _xlpm.replRange, $Y$3:$Y$30, _xlpm.n, ROWS(_xlpm.findRange), _xlfn.REDUCE( _xlpm.txt, _xlfn.SEQUENCE(_xlpm.n), _xlfn.LAMBDA(_xlpm.acc,_xlpm.i, SUBSTITUTE( _xlpm.acc, INDEX(_xlpm.findRange, _xlpm.i), INDEX(_xlpm.replRange, _xlpm.i) ) ) ) )} -> Spirit | G21: {=_xlfn.LET( _xlpm.txt, G2, _xlpm.findRange, $X$3:$X$30, _xlpm.replRange, $Y$3:$Y$30, _xlpm.n, ROWS(_xlpm.findRange), _xlfn.REDUCE( _xlpm.txt, _xlfn.SEQUENCE(_xlpm.n), _xlfn.LAMBDA(_xlpm.acc,_xlpm.i, SUBSTITUTE( _xlpm.acc, INDEX(_xlpm.findRange, _xlpm.i), INDEX(_xlpm.replRange, _xlpm.i) ) ) ) )} -> Feather | H21: {=_xlfn.LET( _xlpm.txt, H2, _xlpm.findRange, $X$3:$X$30, _xlpm.replRange, $Y$3:$Y$30, _xlpm.n, ROWS(_xlpm.findRange), _xlfn.REDUCE( _xlpm.txt, _xlfn.SEQUENCE(_xlpm.n), _xlfn.LAMBDA(_xlpm.acc,_xlpm.i, SUBSTITUTE( _xlpm.acc, INDEX(_xlpm.findRange, _xlpm.i), INDEX(_xlpm.replRange, _xlpm.i) ) ) ) )} -> Egg | ... Q21: {=_xlfn.LET( _xlpm.txt, Q2, _xlpm.findRange, $X$3:$X$30, _xlpm.replRange, $Y$3:$Y$30, _xlpm.n, ROWS(_xlpm.findRange), _xlfn.REDUCE( _xlpm.txt, _xlfn.SEQUENCE(_xlpm.n), _xlfn.LAMBDA(_xlpm.acc,_xlpm.i, SUBSTITUTE( _xlpm.acc, INDEX(_xlpm.findRange, _xlpm.i), INDEX(_xlpm.replRange, _xlpm.i) ) ) ) )} -> Shadow | S21: 4 Crafting Shards | U21: =IF(ISNUMBER(1*LEFT(S21, 1)), RIGHT(S21,LEN(S21)-SEARCH(" ",S21)),S21) -> Crafting Shards | V21: =ISNUMBER(MATCH(U21,$A$3:$A$18,0)) -> FALSE | X21: Event Equipment (Lab Coat) | Y21: Event Equipment | AC21: 4 Crafting Shards | AE21: =IF(ISNUMBER(1*LEFT(AC21, 1)), RIGHT(AC21,LEN(AC21)-SEARCH(" ",AC21)),AC21) -> Crafting Shards | AF21: =ISNUMBER(MATCH(AE21,$A$3:$A$18,0)) -> FALSE
A22: {=_xlfn.LET( _xlpm.txt, A3, _xlpm.findRange, $X$3:$X$30, _xlpm.replRange, $Y$3:$Y$30, _xlpm.n, ROWS(_xlpm.findRange), _xlfn.REDUCE( _xlpm.txt, _xlfn.SEQUENCE(_xlpm.n), _xlfn.LAMBDA(_xlpm.acc,_xlpm.i, SUBSTITUTE( _xlpm.acc, INDEX(_xlpm.findRange, _xlpm.i), INDEX(_xlpm.replRange, _xlpm.i) ) ) ) )} -> Poison | B22: {=_xlfn.LET( _xlpm.txt, B3, _xlpm.findRange, $X$3:$X$30, _xlpm.replRange, $Y$3:$Y$30, _xlpm.n, ROWS(_xlpm.findRange), _xlfn.REDUCE( _xlpm.txt, _xlfn.SEQUENCE(_xlpm.n), _xlfn.LAMBDA(_xlpm.acc,_xlpm.i, SUBSTITUTE( _xlpm.acc, INDEX(_xlpm.findRange, _xlpm.i), INDEX(_xlpm.replRange, _xlpm.i) ) ) ) )} -> 1 Pet Eggs | C22: {=_xlfn.LET( _xlpm.txt, C3, _xlpm.findRange, $X$3:$X$30, _xlpm.replRange, $Y$3:$Y$30, _xlpm.n, ROWS(_xlpm.findRange), _xlfn.REDUCE( _xlpm.txt, _xlfn.SEQUENCE(_xlpm.n), _xlfn.LAMBDA(_xlpm.acc,_xlpm.i, SUBSTITUTE( _xlpm.acc, INDEX(_xlpm.findRange, _xlpm.i), INDEX(_xlpm.replRange, _xlpm.i) ) ) ) )} -> Power | D22: {=_xlfn.LET( _xlpm.txt, D3, _xlpm.findRange, $X$3:$X$30, _xlpm.replRange, $Y$3:$Y$30, _xlpm.n, ROWS(_xlpm.findRange), _xlfn.REDUCE( _xlpm.txt, _xlfn.SEQUENCE(_xlpm.n), _xlfn.LAMBDA(_xlpm.acc,_xlpm.i, SUBSTITUTE( _xlpm.acc, INDEX(_xlpm.findRange, _xlpm.i), INDEX(_xlpm.replRange, _xlpm.i) ) ) ) )} -> Spirit | E22: {=_xlfn.LET( _xlpm.txt, E3, _xlpm.findRange, $X$3:$X$30, _xlpm.replRange, $Y$3:$Y$30, _xlpm.n, ROWS(_xlpm.findRange), _xlfn.REDUCE( _xlpm.txt, _xlfn.SEQUENCE(_xlpm.n), _xlfn.LAMBDA(_xlpm.acc,_xlpm.i, SUBSTITUTE( _xlpm.acc, INDEX(_xlpm.findRange, _xlpm.i), INDEX(_xlpm.replRange, _xlpm.i) ) ) ) )} -> Event Equipment | F22: {=_xlfn.LET( _xlpm.txt, F3, _xlpm.findRange, $X$3:$X$30, _xlpm.replRange, $Y$3:$Y$30, _xlpm.n, ROWS(_xlpm.findRange), _xlfn.REDUCE( _xlpm.txt, _xlfn.SEQUENCE(_xlpm.n), _xlfn.LAMBDA(_xlpm.acc,_xlpm.i, SUBSTITUTE( _xlpm.acc, INDEX(_xlpm.findRange, _xlpm.i), INDEX(_xlpm.replRange, _xlpm.i) ) ) ) )} -> 18 Currency | G22: {=_xlfn.LET( _xlpm.txt, G3, _xlpm.findRange, $X$3:$X$30, _xlpm.replRange, $Y$3:$Y$30, _xlpm.n, ROWS(_xlpm.findRange), _xlfn.REDUCE( _xlpm.txt, _xlfn.SEQUENCE(_xlpm.n), _xlfn.LAMBDA(_xlpm.acc,_xlpm.i, SUBSTITUTE( _xlpm.acc, INDEX(_xlpm.findRange, _xlpm.i), INDEX(_xlpm.replRange, _xlpm.i) ) ) ) )} -> Egg | H22: {=_xlfn.LET( _xlpm.txt, H3, _xlpm.findRange, $X$3:$X$30, _xlpm.replRange, $Y$3:$Y$30, _xlpm.n, ROWS(_xlpm.findRange), _xlfn.REDUCE( _xlpm.txt, _xlfn.SEQUENCE(_xlpm.n), _xlfn.LAMBDA(_xlpm.acc,_xlpm.i, SUBSTITUTE( _xlpm.acc, INDEX(_xlpm.findRange, _xlpm.i), INDEX(_xlpm.replRange, _xlpm.i) ) ) ) )} -> 1 Skill Points | ... Q22: {=_xlfn.LET( _xlpm.txt, Q3, _xlpm.findRange, $X$3:$X$30, _xlpm.replRange, $Y$3:$Y$30, _xlpm.n, ROWS(_xlpm.findRange), _xlfn.REDUCE( _xlpm.txt, _xlfn.SEQUENCE(_xlpm.n), _xlfn.LAMBDA(_xlpm.acc,_xlpm.i, SUBSTITUTE( _xlpm.acc, INDEX(_xlpm.findRange, _xlpm.i), INDEX(_xlpm.replRange, _xlpm.i) ) ) ) )} -> 222 Currency | S22: 2 Perks | U22: =IF(ISNUMBER(1*LEFT(S22, 1)), RIGHT(S22,LEN(S22)-SEARCH(" ",S22)),S22) -> Perks | V22: =ISNUMBER(MATCH(U22,$A$3:$A$18,0)) -> FALSE | X22: Event Equipment | Y22: Event Equipment | AC22: 2 Perks | AE22: =IF(ISNUMBER(1*LEFT(AC22, 1)), RIGHT(AC22,LEN(AC22)-SEARCH(" ",AC22)),AC22) -> Perks | AF22: =ISNUMBER(MATCH(AE22,$A$3:$A$18,0)) -> FALSE
A23: {=_xlfn.LET( _xlpm.txt, A4, _xlpm.findRange, $X$3:$X$30, _xlpm.replRange, $Y$3:$Y$30, _xlpm.n, ROWS(_xlpm.findRange), _xlfn.REDUCE( _xlpm.txt, _xlfn.SEQUENCE(_xlpm.n), _xlfn.LAMBDA(_xlpm.acc,_xlpm.i, SUBSTITUTE( _xlpm.acc, INDEX(_xlpm.findRange, _xlpm.i), INDEX(_xlpm.replRange, _xlpm.i) ) ) ) )} -> Tooth | B23: {=_xlfn.LET( _xlpm.txt, B4, _xlpm.findRange, $X$3:$X$30, _xlpm.replRange, $Y$3:$Y$30, _xlpm.n, ROWS(_xlpm.findRange), _xlfn.REDUCE( _xlpm.txt, _xlfn.SEQUENCE(_xlpm.n), _xlfn.LAMBDA(_xlpm.acc,_xlpm.i, SUBSTITUTE( _xlpm.acc, INDEX(_xlpm.findRange, _xlpm.i), INDEX(_xlpm.replRange, _xlpm.i) ) ) ) )} -> Power | C23: {=_xlfn.LET( _xlpm.txt, C4, _xlpm.findRange, $X$3:$X$30, _xlpm.replRange, $Y$3:$Y$30, _xlpm.n, ROWS(_xlpm.findRange), _xlfn.REDUCE( _xlpm.txt, _xlfn.SEQUENCE(_xlpm.n), _xlfn.LAMBDA(_xlpm.acc,_xlpm.i, SUBSTITUTE( _xlpm.acc, INDEX(_xlpm.findRange, _xlpm.i), INDEX(_xlpm.replRange, _xlpm.i) ) ) ) )} -> 12 Currency | D23: {=_xlfn.LET( _xlpm.txt, D4, _xlpm.findRange, $X$3:$X$30, _xlpm.replRange, $Y$3:$Y$30, _xlpm.n, ROWS(_xlpm.findRange), _xlfn.REDUCE( _xlpm.txt, _xlfn.SEQUENCE(_xlpm.n), _xlfn.LAMBDA(_xlpm.acc,_xlpm.i, SUBSTITUTE( _xlpm.acc, INDEX(_xlpm.findRange, _xlpm.i), INDEX(_xlpm.replRange, _xlpm.i) ) ) ) )} -> Feather | E23: {=_xlfn.LET( _xlpm.txt, E4, _xlpm.findRange, $X$3:$X$30, _xlpm.replRange, $Y$3:$Y$30, _xlpm.n, ROWS(_xlpm.findRange), _xlfn.REDUCE( _xlpm.txt, _xlfn.SEQUENCE(_xlpm.n), _xlfn.LAMBDA(_xlpm.acc,_xlpm.i, SUBSTITUTE( _xlpm.acc, INDEX(_xlpm.findRange, _xlpm.i), INDEX(_xlpm.replRange, _xlpm.i) ) ) ) )} -> 18 Currency | F23: {=_xlfn.LET( _xlpm.txt, F4, _xlpm.findRange, $X$3:$X$30, _xlpm.replRange, $Y$3:$Y$30, _xlpm.n, ROWS(_xlpm.findRange), _xlfn.REDUCE( _xlpm.txt, _xlfn.SEQUENCE(_xlpm.n), _xlfn.LAMBDA(_xlpm.acc,_xlpm.i, SUBSTITUTE( _xlpm.acc, INDEX(_xlpm.findRange, _xlpm.i), INDEX(_xlpm.replRange, _xlpm.i) ) ) ) )} -> 1 Perks | G23: {=_xlfn.LET( _xlpm.txt, G4, _xlpm.findRange, $X$3:$X$30, _xlpm.replRange, $Y$3:$Y$30, _xlpm.n, ROWS(_xlpm.findRange), _xlfn.REDUCE( _xlpm.txt, _xlfn.SEQUENCE(_xlpm.n), _xlfn.LAMBDA(_xlpm.acc,_xlpm.i, SUBSTITUTE( _xlpm.acc, INDEX(_xlpm.findRange, _xlpm.i), INDEX(_xlpm.replRange, _xlpm.i) ) ) ) )} -> Event Equipment | H23: {=_xlfn.LET( _xlpm.txt, H4, _xlpm.findRange, $X$3:$X$30, _xlpm.replRange, $Y$3:$Y$30, _xlpm.n, ROWS(_xlpm.findRange), _xlfn.REDUCE( _xlpm.txt, _xlfn.SEQUENCE(_xlpm.n), _xlfn.LAMBDA(_xlpm.acc,_xlpm.i, SUBSTITUTE( _xlpm.acc, INDEX(_xlpm.findRange, _xlpm.i), INDEX(_xlpm.replRange, _xlpm.i) ) ) ) )} -> 1 Raid Cards | ... Q23: {=_xlfn.LET( _xlpm.txt, Q4, _xlpm.findRange, $X$3:$X$30, _xlpm.replRange, $Y$3:$Y$30, _xlpm.n, ROWS(_xlpm.findRange), _xlfn.REDUCE( _xlpm.txt, _xlfn.SEQUENCE(_xlpm.n), _xlfn.LAMBDA(_xlpm.acc,_xlpm.i, SUBSTITUTE( _xlpm.acc, INDEX(_xlpm.findRange, _xlpm.i), INDEX(_xlpm.replRange, _xlpm.i) ) ) ) )} -> 3 Clan Scrolls | S23: 60 Currency | U23: =IF(ISNUMBER(1*LEFT(S23, 1)), RIGHT(S23,LEN(S23)-SEARCH(" ",S23)),S23) -> Currency | V23: =ISNUMBER(MATCH(U23,$A$3:$A$18,0)) -> FALSE | X23: Event Equipment | Y23: Event Equipment | AC23: 6 Currency | AE23: =IF(ISNUMBER(1*LEFT(AC23, 1)), RIGHT(AC23,LEN(AC23)-SEARCH(" ",AC23)),AC23) -> Currency | AF23: =ISNUMBER(MATCH(AE23,$A$3:$A$18,0)) -> FALSE
A24: {=_xlfn.LET( _xlpm.txt, A5, _xlpm.findRange, $X$3:$X$30, _xlpm.replRange, $Y$3:$Y$30, _xlpm.n, ROWS(_xlpm.findRange), _xlfn.REDUCE( _xlpm.txt, _xlfn.SEQUENCE(_xlpm.n), _xlfn.LAMBDA(_xlpm.acc,_xlpm.i, SUBSTITUTE( _xlpm.acc, INDEX(_xlpm.findRange, _xlpm.i), INDEX(_xlpm.replRange, _xlpm.i) ) ) ) )} -> Steel | B24: {=_xlfn.LET( _xlpm.txt, B5, _xlpm.findRange, $X$3:$X$30, _xlpm.replRange, $Y$3:$Y$30, _xlpm.n, ROWS(_xlpm.findRange), _xlfn.REDUCE( _xlpm.txt, _xlfn.SEQUENCE(_xlpm.n), _xlfn.LAMBDA(_xlpm.acc,_xlpm.i, SUBSTITUTE( _xlpm.acc, INDEX(_xlpm.findRange, _xlpm.i), INDEX(_xlpm.replRange, _xlpm.i) ) ) ) )} -> Spirit | C24: {=_xlfn.LET( _xlpm.txt, C5, _xlpm.findRange, $X$3:$X$30, _xlpm.replRange, $Y$3:$Y$30, _xlpm.n, ROWS(_xlpm.findRange), _xlfn.REDUCE( _xlpm.txt, _xlfn.SEQUENCE(_xlpm.n), _xlfn.LAMBDA(_xlpm.acc,_xlpm.i, SUBSTITUTE( _xlpm.acc, INDEX(_xlpm.findRange, _xlpm.i), INDEX(_xlpm.replRange, _xlpm.i) ) ) ) )} -> Feather | D24: {=_xlfn.LET( _xlpm.txt, D5, _xlpm.findRange, $X$3:$X$30, _xlpm.replRange, $Y$3:$Y$30, _xlpm.n, ROWS(_xlpm.findRange), _xlfn.REDUCE( _xlpm.txt, _xlfn.SEQUENCE(_xlpm.n), _xlfn.LAMBDA(_xlpm.acc,_xlpm.i, SUBSTITUTE( _xlpm.acc, INDEX(_xlpm.findRange, _xlpm.i), INDEX(_xlpm.replRange, _xlpm.i) ) ) ) )} -> 12 Currency | E24: {=_xlfn.LET( _xlpm.txt, E5, _xlpm.findRange, $X$3:$X$30, _xlpm.replRange, $Y$3:$Y$30, _xlpm.n, ROWS(_xlpm.findRange), _xlfn.REDUCE( _xlpm.txt, _xlfn.SEQUENCE(_xlpm.n), _xlfn.LAMBDA(_xlpm.acc,_xlpm.i, SUBSTITUTE( _xlpm.acc, INDEX(_xlpm.findRange, _xlpm.i), INDEX(_xlpm.replRange, _xlpm.i) ) ) ) )} -> 6 Raid Cards | F24: {=_xlfn.LET( _xlpm.txt, F5, _xlpm.findRange, $X$3:$X$30, _xlpm.replRange, $Y$3:$Y$30, _xlpm.n, ROWS(_xlpm.findRange), _xlfn.REDUCE( _xlpm.txt, _xlfn.SEQUENCE(_xlpm.n), _xlfn.LAMBDA(_xlpm.acc,_xlpm.i, SUBSTITUTE( _xlpm.acc, INDEX(_xlpm.findRange, _xlpm.i), INDEX(_xlpm.replRange, _xlpm.i) ) ) ) )} -> 1 Event Equipment | G24: {=_xlfn.LET( _xlpm.txt, G5, _xlpm.findRange, $X$3:$X$30, _xlpm.replRange, $Y$3:$Y$30, _xlpm.n, ROWS(_xlpm.findRange), _xlfn.REDUCE( _xlpm.txt, _xlfn.SEQUENCE(_xlpm.n), _xlfn.LAMBDA(_xlpm.acc,_xlpm.i, SUBSTITUTE( _xlpm.acc, INDEX(_xlpm.findRange, _xlpm.i), INDEX(_xlpm.replRange, _xlpm.i) ) ) ) )} -> 3 Pet Eggs | H24: {=_xlfn.LET( _xlpm.txt, H5, _xlpm.findRange, $X$3:$X$30, _xlpm.replRange, $Y$3:$Y$30, _xlpm.n, ROWS(_xlpm.findRange), _xlfn.REDUCE( _xlpm.txt, _xlfn.SEQUENCE(_xlpm.n), _xlfn.LAMBDA(_xlpm.acc,_xlpm.i, SUBSTITUTE( _xlpm.acc, INDEX(_xlpm.findRange, _xlpm.i), INDEX(_xlpm.replRange, _xlpm.i) ) ) ) )} -> 1 Raid Cards | ... Q24: {=_xlfn.LET( _xlpm.txt, Q5, _xlpm.findRange, $X$3:$X$30, _xlpm.replRange, $Y$3:$Y$30, _xlpm.n, ROWS(_xlpm.findRange), _xlfn.REDUCE( _xlpm.txt, _xlfn.SEQUENCE(_xlpm.n), _xlfn.LAMBDA(_xlpm.acc,_xlpm.i, SUBSTITUTE( _xlpm.acc, INDEX(_xlpm.findRange, _xlpm.i), INDEX(_xlpm.replRange, _xlpm.i) ) ) ) )} -> 232 Currency | S24: 3 Perks | U24: =IF(ISNUMBER(1*LEFT(S24, 1)), RIGHT(S24,LEN(S24)-SEARCH(" ",S24)),S24) -> Perks | V24: =ISNUMBER(MATCH(U24,$A$3:$A$18,0)) -> FALSE | X24: Currency | Y24: Currency | AC24: 3 Perks | AE24: =IF(ISNUMBER(1*LEFT(AC24, 1)), RIGHT(AC24,LEN(AC24)-SEARCH(" ",AC24)),AC24) -> Perks | AF24: =ISNUMBER(MATCH(AE24,$A$3:$A$18,0)) -> FALSE
A25: {=_xlfn.LET( _xlpm.txt, A6, _xlpm.findRange, $X$3:$X$30, _xlpm.replRange, $Y$3:$Y$30, _xlpm.n, ROWS(_xlpm.findRange), _xlfn.REDUCE( _xlpm.txt, _xlfn.SEQUENCE(_xlpm.n), _xlfn.LAMBDA(_xlpm.acc,_xlpm.i, SUBSTITUTE( _xlpm.acc, INDEX(_xlpm.findRange, _xlpm.i), INDEX(_xlpm.replRange, _xlpm.i) ) ) ) )} -> Power | B25: {=_xlfn.LET( _xlpm.txt, B6, _xlpm.findRange, $X$3:$X$30, _xlpm.replRange, $Y$3:$Y$30, _xlpm.n, ROWS(_xlpm.findRange), _xlfn.REDUCE( _xlpm.txt, _xlfn.SEQUENCE(_xlpm.n), _xlfn.LAMBDA(_xlpm.acc,_xlpm.i, SUBSTITUTE( _xlpm.acc, INDEX(_xlpm.findRange, _xlpm.i), INDEX(_xlpm.replRange, _xlpm.i) ) ) ) )} -> Event Equipment | C25: {=_xlfn.LET( _xlpm.txt, C6, _xlpm.findRange, $X$3:$X$30, _xlpm.replRange, $Y$3:$Y$30, _xlpm.n, ROWS(_xlpm.findRange), _xlfn.REDUCE( _xlpm.txt, _xlfn.SEQUENCE(_xlpm.n), _xlfn.LAMBDA(_xlpm.acc,_xlpm.i, SUBSTITUTE( _xlpm.acc, INDEX(_xlpm.findRange, _xlpm.i), INDEX(_xlpm.replRange, _xlpm.i) ) ) ) )} -> 18 Currency | D25: {=_xlfn.LET( _xlpm.txt, D6, _xlpm.findRange, $X$3:$X$30, _xlpm.replRange, $Y$3:$Y$30, _xlpm.n, ROWS(_xlpm.findRange), _xlfn.REDUCE( _xlpm.txt, _xlfn.SEQUENCE(_xlpm.n), _xlfn.LAMBDA(_xlpm.acc,_xlpm.i, SUBSTITUTE( _xlpm.acc, INDEX(_xlpm.findRange, _xlpm.i), INDEX(_xlpm.replRange, _xlpm.i) ) ) ) )} -> 6 Raid Cards | E25: {=_xlfn.LET( _xlpm.txt, E6, _xlpm.findRange, $X$3:$X$30, _xlpm.replRange, $Y$3:$Y$30, _xlpm.n, ROWS(_xlpm.findRange), _xlfn.REDUCE( _xlpm.txt, _xlfn.SEQUENCE(_xlpm.n), _xlfn.LAMBDA(_xlpm.acc,_xlpm.i, SUBSTITUTE( _xlpm.acc, INDEX(_xlpm.findRange, _xlpm.i), INDEX(_xlpm.replRange, _xlpm.i) ) ) ) )} -> 2 Event Equipment | F25: {=_xlfn.LET( _xlpm.txt, F6, _xlpm.findRange, $X$3:$X$30, _xlpm.replRange, $Y$3:$Y$30, _xlpm.n, ROWS(_xlpm.findRange), _xlfn.REDUCE( _xlpm.txt, _xlfn.SEQUENCE(_xlpm.n), _xlfn.LAMBDA(_xlpm.acc,_xlpm.i, SUBSTITUTE( _xlpm.acc, INDEX(_xlpm.findRange, _xlpm.i), INDEX(_xlpm.replRange, _xlpm.i) ) ) ) )} -> 25 Currency | G25: {=_xlfn.LET( _xlpm.txt, G6, _xlpm.findRange, $X$3:$X$30, _xlpm.replRange, $Y$3:$Y$30, _xlpm.n, ROWS(_xlpm.findRange), _xlfn.REDUCE( _xlpm.txt, _xlfn.SEQUENCE(_xlpm.n), _xlfn.LAMBDA(_xlpm.acc,_xlpm.i, SUBSTITUTE( _xlpm.acc, INDEX(_xlpm.findRange, _xlpm.i), INDEX(_xlpm.replRange, _xlpm.i) ) ) ) )} -> Pepper | H25: {=_xlfn.LET( _xlpm.txt, H6, _xlpm.findRange, $X$3:$X$30, _xlpm.replRange, $Y$3:$Y$30, _xlpm.n, ROWS(_xlpm.findRange), _xlfn.REDUCE( _xlpm.txt, _xlfn.SEQUENCE(_xlpm.n), _xlfn.LAMBDA(_xlpm.acc,_xlpm.i, SUBSTITUTE( _xlpm.acc, INDEX(_xlpm.findRange, _xlpm.i), INDEX(_xlpm.replRange, _xlpm.i) ) ) ) )} -> 2 Hero Weapons | ... Q25: {=_xlfn.LET( _xlpm.txt, Q6, _xlpm.findRange, $X$3:$X$30, _xlpm.replRange, $Y$3:$Y$30, _xlpm.n, ROWS(_xlpm.findRange), _xlfn.REDUCE( _xlpm.txt, _xlfn.SEQUENCE(_xlpm.n), _xlfn.LAMBDA(_xlpm.acc,_xlpm.i, SUBSTITUTE( _xlpm.acc, INDEX(_xlpm.findRange, _xlpm.i), INDEX(_xlpm.replRange, _xlpm.i) ) ) ) )} -> 3 Clan Scrolls | S25: 3 Clan Scrolls | U25: =IF(ISNUMBER(1*LEFT(S25, 1)), RIGHT(S25,LEN(S25)-SEARCH(" ",S25)),S25) -> Clan Scrolls | V25: =ISNUMBER(MATCH(U25,$A$3:$A$18,0)) -> FALSE | X25: Crafting Shards | Y25: Crafting Shards | AC25: 3 Clan Scrolls | AE25: =IF(ISNUMBER(1*LEFT(AC25, 1)), RIGHT(AC25,LEN(AC25)-SEARCH(" ",AC25)),AC25) -> Clan Scrolls | AF25: =ISNUMBER(MATCH(AE25,$A$3:$A$18,0)) -> FALSE
A26: {=_xlfn.LET( _xlpm.txt, A7, _xlpm.findRange, $X$3:$X$30, _xlpm.replRange, $Y$3:$Y$30, _xlpm.n, ROWS(_xlpm.findRange), _xlfn.REDUCE( _xlpm.txt, _xlfn.SEQUENCE(_xlpm.n), _xlfn.LAMBDA(_xlpm.acc,_xlpm.i, SUBSTITUTE( _xlpm.acc, INDEX(_xlpm.findRange, _xlpm.i), INDEX(_xlpm.replRange, _xlpm.i) ) ) ) )} -> Spirit | B26: {=_xlfn.LET( _xlpm.txt, B7, _xlpm.findRange, $X$3:$X$30, _xlpm.replRange, $Y$3:$Y$30, _xlpm.n, ROWS(_xlpm.findRange), _xlfn.REDUCE( _xlpm.txt, _xlfn.SEQUENCE(_xlpm.n), _xlfn.LAMBDA(_xlpm.acc,_xlpm.i, SUBSTITUTE( _xlpm.acc, INDEX(_xlpm.findRange, _xlpm.i), INDEX(_xlpm.replRange, _xlpm.i) ) ) ) )} -> 18 Currency | C26: {=_xlfn.LET( _xlpm.txt, C7, _xlpm.findRange, $X$3:$X$30, _xlpm.replRange, $Y$3:$Y$30, _xlpm.n, ROWS(_xlpm.findRange), _xlfn.REDUCE( _xlpm.txt, _xlfn.SEQUENCE(_xlpm.n), _xlfn.LAMBDA(_xlpm.acc,_xlpm.i, SUBSTITUTE( _xlpm.acc, INDEX(_xlpm.findRange, _xlpm.i), INDEX(_xlpm.replRange, _xlpm.i) ) ) ) )} -> 1 Perks | D26: {=_xlfn.LET( _xlpm.txt, D7, _xlpm.findRange, $X$3:$X$30, _xlpm.replRange, $Y$3:$Y$30, _xlpm.n, ROWS(_xlpm.findRange), _xlfn.REDUCE( _xlpm.txt, _xlfn.SEQUENCE(_xlpm.n), _xlfn.LAMBDA(_xlpm.acc,_xlpm.i, SUBSTITUTE( _xlpm.acc, INDEX(_xlpm.findRange, _xlpm.i), INDEX(_xlpm.replRange, _xlpm.i) ) ) ) )} -> 1 Event Equipment | E26: {=_xlfn.LET( _xlpm.txt, E7, _xlpm.findRange, $X$3:$X$30, _xlpm.replRange, $Y$3:$Y$30, _xlpm.n, ROWS(_xlpm.findRange), _xlfn.REDUCE( _xlpm.txt, _xlfn.SEQUENCE(_xlpm.n), _xlfn.LAMBDA(_xlpm.acc,_xlpm.i, SUBSTITUTE( _xlpm.acc, INDEX(_xlpm.findRange, _xlpm.i), INDEX(_xlpm.replRange, _xlpm.i) ) ) ) )} -> 25 Currency | F26: {=_xlfn.LET( _xlpm.txt, F7, _xlpm.findRange, $X$3:$X$30, _xlpm.replRange, $Y$3:$Y$30, _xlpm.n, ROWS(_xlpm.findRange), _xlfn.REDUCE( _xlpm.txt, _xlfn.SEQUENCE(_xlpm.n), _xlfn.LAMBDA(_xlpm.acc,_xlpm.i, SUBSTITUTE( _xlpm.acc, INDEX(_xlpm.findRange, _xlpm.i), INDEX(_xlpm.replRange, _xlpm.i) ) ) ) )} -> 25 Currency | G26: {=_xlfn.LET( _xlpm.txt, G7, _xlpm.findRange, $X$3:$X$30, _xlpm.replRange, $Y$3:$Y$30, _xlpm.n, ROWS(_xlpm.findRange), _xlfn.REDUCE( _xlpm.txt, _xlfn.SEQUENCE(_xlpm.n), _xlfn.LAMBDA(_xlpm.acc,_xlpm.i, SUBSTITUTE( _xlpm.acc, INDEX(_xlpm.findRange, _xlpm.i), INDEX(_xlpm.replRange, _xlpm.i) ) ) ) )} -> Mushroom | H26: {=_xlfn.LET( _xlpm.txt, H7, _xlpm.findRange, $X$3:$X$30, _xlpm.replRange, $Y$3:$Y$30, _xlpm.n, ROWS(_xlpm.findRange), _xlfn.REDUCE( _xlpm.txt, _xlfn.SEQUENCE(_xlpm.n), _xlfn.LAMBDA(_xlpm.acc,_xlpm.i, SUBSTITUTE( _xlpm.acc, INDEX(_xlpm.findRange, _xlpm.i), INDEX(_xlpm.replRange, _xlpm.i) ) ) ) )} -> 38 Currency | ... Q26: {=_xlfn.LET( _xlpm.txt, Q7, _xlpm.findRange, $X$3:$X$30, _xlpm.replRange, $Y$3:$Y$30, _xlpm.n, ROWS(_xlpm.findRange), _xlfn.REDUCE( _xlpm.txt, _xlfn.SEQUENCE(_xlpm.n), _xlfn.LAMBDA(_xlpm.acc,_xlpm.i, SUBSTITUTE( _xlpm.acc, INDEX(_xlpm.findRange, _xlpm.i), INDEX(_xlpm.replRange, _xlpm.i) ) ) ) )} -> 238 Currency | S26: 6 Raid Cards | U26: =IF(ISNUMBER(1*LEFT(S26, 1)), RIGHT(S26,LEN(S26)-SEARCH(" ",S26)),S26) -> Raid Cards | V26: =ISNUMBER(MATCH(U26,$A$3:$A$18,0)) -> FALSE | X26: Clan Scrolls | Y26: Clan Scroll | AC26: 6 Raid Cards | AE26: =IF(ISNUMBER(1*LEFT(AC26, 1)), RIGHT(AC26,LEN(AC26)-SEARCH(" ",AC26)),AC26) -> Raid Cards | AF26: =ISNUMBER(MATCH(AE26,$A$3:$A$18,0)) -> FALSE
A27: {=_xlfn.LET( _xlpm.txt, A8, _xlpm.findRange, $X$3:$X$30, _xlpm.replRange, $Y$3:$Y$30, _xlpm.n, ROWS(_xlpm.findRange), _xlfn.REDUCE( _xlpm.txt, _xlfn.SEQUENCE(_xlpm.n), _xlfn.LAMBDA(_xlpm.acc,_xlpm.i, SUBSTITUTE( _xlpm.acc, INDEX(_xlpm.findRange, _xlpm.i), INDEX(_xlpm.replRange, _xlpm.i) ) ) ) )} -> Feather | B27: {=_xlfn.LET( _xlpm.txt, B8, _xlpm.findRange, $X$3:$X$30, _xlpm.replRange, $Y$3:$Y$30, _xlpm.n, ROWS(_xlpm.findRange), _xlfn.REDUCE( _xlpm.txt, _xlfn.SEQUENCE(_xlpm.n), _xlfn.LAMBDA(_xlpm.acc,_xlpm.i, SUBSTITUTE( _xlpm.acc, INDEX(_xlpm.findRange, _xlpm.i), INDEX(_xlpm.replRange, _xlpm.i) ) ) ) )} -> Egg | C27: {=_xlfn.LET( _xlpm.txt, C8, _xlpm.findRange, $X$3:$X$30, _xlpm.replRange, $Y$3:$Y$30, _xlpm.n, ROWS(_xlpm.findRange), _xlfn.REDUCE( _xlpm.txt, _xlfn.SEQUENCE(_xlpm.n), _xlfn.LAMBDA(_xlpm.acc,_xlpm.i, SUBSTITUTE( _xlpm.acc, INDEX(_xlpm.findRange, _xlpm.i), INDEX(_xlpm.replRange, _xlpm.i) ) ) ) )} -> Event Equipment | D27: {=_xlfn.LET( _xlpm.txt, D8, _xlpm.findRange, $X$3:$X$30, _xlpm.replRange, $Y$3:$Y$30, _xlpm.n, ROWS(_xlpm.findRange), _xlfn.REDUCE( _xlpm.txt, _xlfn.SEQUENCE(_xlpm.n), _xlfn.LAMBDA(_xlpm.acc,_xlpm.i, SUBSTITUTE( _xlpm.acc, INDEX(_xlpm.findRange, _xlpm.i), INDEX(_xlpm.replRange, _xlpm.i) ) ) ) )} -> 3 Pet Eggs | E27: {=_xlfn.LET( _xlpm.txt, E8, _xlpm.findRange, $X$3:$X$30, _xlpm.replRange, $Y$3:$Y$30, _xlpm.n, ROWS(_xlpm.findRange), _xlfn.REDUCE( _xlpm.txt, _xlfn.SEQUENCE(_xlpm.n), _xlfn.LAMBDA(_xlpm.acc,_xlpm.i, SUBSTITUTE( _xlpm.acc, INDEX(_xlpm.findRange, _xlpm.i), INDEX(_xlpm.replRange, _xlpm.i) ) ) ) )} -> Pepper | F27: {=_xlfn.LET( _xlpm.txt, F8, _xlpm.findRange, $X$3:$X$30, _xlpm.replRange, $Y$3:$Y$30, _xlpm.n, ROWS(_xlpm.findRange), _xlfn.REDUCE( _xlpm.txt, _xlfn.SEQUENCE(_xlpm.n), _xlfn.LAMBDA(_xlpm.acc,_xlpm.i, SUBSTITUTE( _xlpm.acc, INDEX(_xlpm.findRange, _xlpm.i), INDEX(_xlpm.replRange, _xlpm.i) ) ) ) )} -> Mushroom | G27: {=_xlfn.LET( _xlpm.txt, G8, _xlpm.findRange, $X$3:$X$30, _xlpm.replRange, $Y$3:$Y$30, _xlpm.n, ROWS(_xlpm.findRange), _xlfn.REDUCE( _xlpm.txt, _xlfn.SEQUENCE(_xlpm.n), _xlfn.LAMBDA(_xlpm.acc,_xlpm.i, SUBSTITUTE( _xlpm.acc, INDEX(_xlpm.findRange, _xlpm.i), INDEX(_xlpm.replRange, _xlpm.i) ) ) ) )} -> 25 Currency | H27: {=_xlfn.LET( _xlpm.txt, H8, _xlpm.findRange, $X$3:$X$30, _xlpm.replRange, $Y$3:$Y$30, _xlpm.n, ROWS(_xlpm.findRange), _xlfn.REDUCE( _xlpm.txt, _xlfn.SEQUENCE(_xlpm.n), _xlfn.LAMBDA(_xlpm.acc,_xlpm.i, SUBSTITUTE( _xlpm.acc, INDEX(_xlpm.findRange, _xlpm.i), INDEX(_xlpm.replRange, _xlpm.i) ) ) ) )} -> 6 Pet Eggs | ... Q27: {=_xlfn.LET( _xlpm.txt, Q8, _xlpm.findRange, $X$3:$X$30, _xlpm.replRange, $Y$3:$Y$30, _xlpm.n, ROWS(_xlpm.findRange), _xlfn.REDUCE( _xlpm.txt, _xlfn.SEQUENCE(_xlpm.n), _xlfn.LAMBDA(_xlpm.acc,_xlpm.i, SUBSTITUTE( _xlpm.acc, INDEX(_xlpm.findRange, _xlpm.i), INDEX(_xlpm.replRange, _xlpm.i) ) ) ) )} -> 39 Pet Eggs | S27: 1 Rare Equipment | U27: =IF(ISNUMBER(1*LEFT(S27, 1)), RIGHT(S27,LEN(S27)-SEARCH(" ",S27)),S27) -> Rare Equipment | V27: =ISNUMBER(MATCH(U27,$A$3:$A$18,0)) -> FALSE | X27: Clan Scroll | Y27: Clan Scrolls | AC27: 1 Event Equipment | AE27: =IF(ISNUMBER(1*LEFT(AC27, 1)), RIGHT(AC27,LEN(AC27)-SEARCH(" ",AC27)),AC27) -> Event Equipment | AF27: =ISNUMBER(MATCH(AE27,$A$3:$A$18,0)) -> FALSE
A28: {=_xlfn.LET( _xlpm.txt, A9, _xlpm.findRange, $X$3:$X$30, _xlpm.replRange, $Y$3:$Y$30, _xlpm.n, ROWS(_xlpm.findRange), _xlfn.REDUCE( _xlpm.txt, _xlfn.SEQUENCE(_xlpm.n), _xlfn.LAMBDA(_xlpm.acc,_xlpm.i, SUBSTITUTE( _xlpm.acc, INDEX(_xlpm.findRange, _xlpm.i), INDEX(_xlpm.replRange, _xlpm.i) ) ) ) )} -> Egg | B28: {=_xlfn.LET( _xlpm.txt, B9, _xlpm.findRange, $X$3:$X$30, _xlpm.replRange, $Y$3:$Y$30, _xlpm.n, ROWS(_xlpm.findRange), _xlfn.REDUCE( _xlpm.txt, _xlfn.SEQUENCE(_xlpm.n), _xlfn.LAMBDA(_xlpm.acc,_xlpm.i, SUBSTITUTE( _xlpm.acc, INDEX(_xlpm.findRange, _xlpm.i), INDEX(_xlpm.replRange, _xlpm.i) ) ) ) )} -> 1 Skill Points | C28: {=_xlfn.LET( _xlpm.txt, C9, _xlpm.findRange, $X$3:$X$30, _xlpm.replRange, $Y$3:$Y$30, _xlpm.n, ROWS(_xlpm.findRange), _xlfn.REDUCE( _xlpm.txt, _xlfn.SEQUENCE(_xlpm.n), _xlfn.LAMBDA(_xlpm.acc,_xlpm.i, SUBSTITUTE( _xlpm.acc, INDEX(_xlpm.findRange, _xlpm.i), INDEX(_xlpm.replRange, _xlpm.i) ) ) ) )} -> 1 Raid Cards | D28: {=_xlfn.LET( _xlpm.txt, D9, _xlpm.findRange, $X$3:$X$30, _xlpm.replRange, $Y$3:$Y$30, _xlpm.n, ROWS(_xlpm.findRange), _xlfn.REDUCE( _xlpm.txt, _xlfn.SEQUENCE(_xlpm.n), _xlfn.LAMBDA(_xlpm.acc,_xlpm.i, SUBSTITUTE( _xlpm.acc, INDEX(_xlpm.findRange, _xlpm.i), INDEX(_xlpm.replRange, _xlpm.i) ) ) ) )} -> 1 Raid Cards | E28: {=_xlfn.LET( _xlpm.txt, E9, _xlpm.findRange, $X$3:$X$30, _xlpm.replRange, $Y$3:$Y$30, _xlpm.n, ROWS(_xlpm.findRange), _xlfn.REDUCE( _xlpm.txt, _xlfn.SEQUENCE(_xlpm.n), _xlfn.LAMBDA(_xlpm.acc,_xlpm.i, SUBSTITUTE( _xlpm.acc, INDEX(_xlpm.findRange, _xlpm.i), INDEX(_xlpm.replRange, _xlpm.i) ) ) ) )} -> 2 Hero Weapons | F28: {=_xlfn.LET( _xlpm.txt, F9, _xlpm.findRange, $X$3:$X$30, _xlpm.replRange, $Y$3:$Y$30, _xlpm.n, ROWS(_xlpm.findRange), _xlfn.REDUCE( _xlpm.txt, _xlfn.SEQUENCE(_xlpm.n), _xlfn.LAMBDA(_xlpm.acc,_xlpm.i, SUBSTITUTE( _xlpm.acc, INDEX(_xlpm.findRange, _xlpm.i), INDEX(_xlpm.replRange, _xlpm.i) ) ) ) )} -> 38 Currency | G28: {=_xlfn.LET( _xlpm.txt, G9, _xlpm.findRange, $X$3:$X$30, _xlpm.replRange, $Y$3:$Y$30, _xlpm.n, ROWS(_xlpm.findRange), _xlfn.REDUCE( _xlpm.txt, _xlfn.SEQUENCE(_xlpm.n), _xlfn.LAMBDA(_xlpm.acc,_xlpm.i, SUBSTITUTE( _xlpm.acc, INDEX(_xlpm.findRange, _xlpm.i), INDEX(_xlpm.replRange, _xlpm.i) ) ) ) )} -> 6 Pet Eggs | H28: {=_xlfn.LET( _xlpm.txt, H9, _xlpm.findRange, $X$3:$X$30, _xlpm.replRange, $Y$3:$Y$30, _xlpm.n, ROWS(_xlpm.findRange), _xlfn.REDUCE( _xlpm.txt, _xlfn.SEQUENCE(_xlpm.n), _xlfn.LAMBDA(_xlpm.acc,_xlpm.i, SUBSTITUTE( _xlpm.acc, INDEX(_xlpm.findRange, _xlpm.i), INDEX(_xlpm.replRange, _xlpm.i) ) ) ) )} -> 52 Currency | ... Q28: {=_xlfn.LET( _xlpm.txt, Q9, _xlpm.findRange, $X$3:$X$30, _xlpm.replRange, $Y$3:$Y$30, _xlpm.n, ROWS(_xlpm.findRange), _xlfn.REDUCE( _xlpm.txt, _xlfn.SEQUENCE(_xlpm.n), _xlfn.LAMBDA(_xlpm.acc,_xlpm.i, SUBSTITUTE( _xlpm.acc, INDEX(_xlpm.findRange, _xlpm.i), INDEX(_xlpm.replRange, _xlpm.i) ) ) ) )} -> 252 Currency | S28: 3 Pet Eggs | U28: =IF(ISNUMBER(1*LEFT(S28, 1)), RIGHT(S28,LEN(S28)-SEARCH(" ",S28)),S28) -> Pet Eggs | V28: =ISNUMBER(MATCH(U28,$A$3:$A$18,0)) -> FALSE | X28: 0 | AC28: 3 Pet Eggs | AE28: =IF(ISNUMBER(1*LEFT(AC28, 1)), RIGHT(AC28,LEN(AC28)-SEARCH(" ",AC28)),AC28) -> Pet Eggs | AF28: =ISNUMBER(MATCH(AE28,$A$3:$A$18,0)) -> FALSE
A29: {=_xlfn.LET( _xlpm.txt, A10, _xlpm.findRange, $X$3:$X$30, _xlpm.replRange, $Y$3:$Y$30, _xlpm.n, ROWS(_xlpm.findRange), _xlfn.REDUCE( _xlpm.txt, _xlfn.SEQUENCE(_xlpm.n), _xlfn.LAMBDA(_xlpm.acc,_xlpm.i, SUBSTITUTE( _xlpm.acc, INDEX(_xlpm.findRange, _xlpm.i), INDEX(_xlpm.replRange, _xlpm.i) ) ) ) )} -> Mushroom | B29: {=_xlfn.LET( _xlpm.txt, B10, _xlpm.findRange, $X$3:$X$30, _xlpm.replRange, $Y$3:$Y$30, _xlpm.n, ROWS(_xlpm.findRange), _xlfn.REDUCE( _xlpm.txt, _xlfn.SEQUENCE(_xlpm.n), _xlfn.LAMBDA(_xlpm.acc,_xlpm.i, SUBSTITUTE( _xlpm.acc, INDEX(_xlpm.findRange, _xlpm.i), INDEX(_xlpm.replRange, _xlpm.i) ) ) ) )} -> 32 Currency | C29: {=_xlfn.LET( _xlpm.txt, C10, _xlpm.findRange, $X$3:$X$30, _xlpm.replRange, $Y$3:$Y$30, _xlpm.n, ROWS(_xlpm.findRange), _xlfn.REDUCE( _xlpm.txt, _xlfn.SEQUENCE(_xlpm.n), _xlfn.LAMBDA(_xlpm.acc,_xlpm.i, SUBSTITUTE( _xlpm.acc, INDEX(_xlpm.findRange, _xlpm.i), INDEX(_xlpm.replRange, _xlpm.i) ) ) ) )} -> 4 Crafting Shards | D29: {=_xlfn.LET( _xlpm.txt, D10, _xlpm.findRange, $X$3:$X$30, _xlpm.replRange, $Y$3:$Y$30, _xlpm.n, ROWS(_xlpm.findRange), _xlfn.REDUCE( _xlpm.txt, _xlfn.SEQUENCE(_xlpm.n), _xlfn.LAMBDA(_xlpm.acc,_xlpm.i, SUBSTITUTE( _xlpm.acc, INDEX(_xlpm.findRange, _xlpm.i), INDEX(_xlpm.replRange, _xlpm.i) ) ) ) )} -> 4 Crafting Shards | E29: {=_xlfn.LET( _xlpm.txt, E10, _xlpm.findRange, $X$3:$X$30, _xlpm.replRange, $Y$3:$Y$30, _xlpm.n, ROWS(_xlpm.findRange), _xlfn.REDUCE( _xlpm.txt, _xlfn.SEQUENCE(_xlpm.n), _xlfn.LAMBDA(_xlpm.acc,_xlpm.i, SUBSTITUTE( _xlpm.acc, INDEX(_xlpm.findRange, _xlpm.i), INDEX(_xlpm.replRange, _xlpm.i) ) ) ) )} -> 12 Raid Cards | F29: {=_xlfn.LET( _xlpm.txt, F10, _xlpm.findRange, $X$3:$X$30, _xlpm.replRange, $Y$3:$Y$30, _xlpm.n, ROWS(_xlpm.findRange), _xlfn.REDUCE( _xlpm.txt, _xlfn.SEQUENCE(_xlpm.n), _xlfn.LAMBDA(_xlpm.acc,_xlpm.i, SUBSTITUTE( _xlpm.acc, INDEX(_xlpm.findRange, _xlpm.i), INDEX(_xlpm.replRange, _xlpm.i) ) ) ) )} -> 38 Currency | G29: {=_xlfn.LET( _xlpm.txt, G10, _xlpm.findRange, $X$3:$X$30, _xlpm.replRange, $Y$3:$Y$30, _xlpm.n, ROWS(_xlpm.findRange), _xlfn.REDUCE( _xlpm.txt, _xlfn.SEQUENCE(_xlpm.n), _xlfn.LAMBDA(_xlpm.acc,_xlpm.i, SUBSTITUTE( _xlpm.acc, INDEX(_xlpm.findRange, _xlpm.i), INDEX(_xlpm.replRange, _xlpm.i) ) ) ) )} -> 12 Raid Cards | H29: {=_xlfn.LET( _xlpm.txt, H10, _xlpm.findRange, $X$3:$X$30, _xlpm.replRange, $Y$3:$Y$30, _xlpm.n, ROWS(_xlpm.findRange), _xlfn.REDUCE( _xlpm.txt, _xlfn.SEQUENCE(_xlpm.n), _xlfn.LAMBDA(_xlpm.acc,_xlpm.i, SUBSTITUTE( _xlpm.acc, INDEX(_xlpm.findRange, _xlpm.i), INDEX(_xlpm.replRange, _xlpm.i) ) ) ) )} -> Legendary Equipment | ... Q29: {=_xlfn.LET( _xlpm.txt, Q10, _xlpm.findRange, $X$3:$X$30, _xlpm.replRange, $Y$3:$Y$30, _xlpm.n, ROWS(_xlpm.findRange), _xlfn.REDUCE( _xlpm.txt, _xlfn.SEQUENCE(_xlpm.n), _xlfn.LAMBDA(_xlpm.acc,_xlpm.i, SUBSTITUTE( _xlpm.acc, INDEX(_xlpm.findRange, _xlpm.i), INDEX(_xlpm.replRange, _xlpm.i) ) ) ) )} -> 3 Fortune Scrolls | S29: Event Equipment (Lab Coat) | U29: =IF(ISNUMBER(1*LEFT(S29, 1)), RIGHT(S29,LEN(S29)-SEARCH(" ",S29)),S29) -> Event Equipment (Lab Coat) | V29: =ISNUMBER(MATCH(U29,$A$3:$A$18,0)) -> FALSE | AC29: 232 Currency | AE29: =IF(ISNUMBER(1*LEFT(AC29, 1)), RIGHT(AC29,LEN(AC29)-SEARCH(" ",AC29)),AC29) -> Currency | AF29: =ISNUMBER(MATCH(AE29,$A$3:$A$18,0)) -> FALSE
A30: {=_xlfn.LET( _xlpm.txt, A11, _xlpm.findRange, $X$3:$X$30, _xlpm.replRange, $Y$3:$Y$30, _xlpm.n, ROWS(_xlpm.findRange), _xlfn.REDUCE( _xlpm.txt, _xlfn.SEQUENCE(_xlpm.n), _xlfn.LAMBDA(_xlpm.acc,_xlpm.i, SUBSTITUTE( _xlpm.acc, INDEX(_xlpm.findRange, _xlpm.i), INDEX(_xlpm.replRange, _xlpm.i) ) ) ) )} -> Pepper | B30: {=_xlfn.LET( _xlpm.txt, B11, _xlpm.findRange, $X$3:$X$30, _xlpm.replRange, $Y$3:$Y$30, _xlpm.n, ROWS(_xlpm.findRange), _xlfn.REDUCE( _xlpm.txt, _xlfn.SEQUENCE(_xlpm.n), _xlfn.LAMBDA(_xlpm.acc,_xlpm.i, SUBSTITUTE( _xlpm.acc, INDEX(_xlpm.findRange, _xlpm.i), INDEX(_xlpm.replRange, _xlpm.i) ) ) ) )} -> 32 Currency | C30: {=_xlfn.LET( _xlpm.txt, C11, _xlpm.findRange, $X$3:$X$30, _xlpm.replRange, $Y$3:$Y$30, _xlpm.n, ROWS(_xlpm.findRange), _xlfn.REDUCE( _xlpm.txt, _xlfn.SEQUENCE(_xlpm.n), _xlfn.LAMBDA(_xlpm.acc,_xlpm.i, SUBSTITUTE( _xlpm.acc, INDEX(_xlpm.findRange, _xlpm.i), INDEX(_xlpm.replRange, _xlpm.i) ) ) ) )} -> 2 Perks | D30: {=_xlfn.LET( _xlpm.txt, D11, _xlpm.findRange, $X$3:$X$30, _xlpm.replRange, $Y$3:$Y$30, _xlpm.n, ROWS(_xlpm.findRange), _xlfn.REDUCE( _xlpm.txt, _xlfn.SEQUENCE(_xlpm.n), _xlfn.LAMBDA(_xlpm.acc,_xlpm.i, SUBSTITUTE( _xlpm.acc, INDEX(_xlpm.findRange, _xlpm.i), INDEX(_xlpm.replRange, _xlpm.i) ) ) ) )} -> Event Equipment | E30: {=_xlfn.LET( _xlpm.txt, E11, _xlpm.findRange, $X$3:$X$30, _xlpm.replRange, $Y$3:$Y$30, _xlpm.n, ROWS(_xlpm.findRange), _xlfn.REDUCE( _xlpm.txt, _xlfn.SEQUENCE(_xlpm.n), _xlfn.LAMBDA(_xlpm.acc,_xlpm.i, SUBSTITUTE( _xlpm.acc, INDEX(_xlpm.findRange, _xlpm.i), INDEX(_xlpm.replRange, _xlpm.i) ) ) ) )} -> 3 Event Equipment | F30: {=_xlfn.LET( _xlpm.txt, F11, _xlpm.findRange, $X$3:$X$30, _xlpm.replRange, $Y$3:$Y$30, _xlpm.n, ROWS(_xlpm.findRange), _xlfn.REDUCE( _xlpm.txt, _xlfn.SEQUENCE(_xlpm.n), _xlfn.LAMBDA(_xlpm.acc,_xlpm.i, SUBSTITUTE( _xlpm.acc, INDEX(_xlpm.findRange, _xlpm.i), INDEX(_xlpm.replRange, _xlpm.i) ) ) ) )} -> Event Equipment | G30: {=_xlfn.LET( _xlpm.txt, G11, _xlpm.findRange, $X$3:$X$30, _xlpm.replRange, $Y$3:$Y$30, _xlpm.n, ROWS(_xlpm.findRange), _xlfn.REDUCE( _xlpm.txt, _xlfn.SEQUENCE(_xlpm.n), _xlfn.LAMBDA(_xlpm.acc,_xlpm.i, SUBSTITUTE( _xlpm.acc, INDEX(_xlpm.findRange, _xlpm.i), INDEX(_xlpm.replRange, _xlpm.i) ) ) ) )} -> Sand | H30: {=_xlfn.LET( _xlpm.txt, H11, _xlpm.findRange, $X$3:$X$30, _xlpm.replRange, $Y$3:$Y$30, _xlpm.n, ROWS(_xlpm.findRange), _xlfn.REDUCE( _xlpm.txt, _xlfn.SEQUENCE(_xlpm.n), _xlfn.LAMBDA(_xlpm.acc,_xlpm.i, SUBSTITUTE( _xlpm.acc, INDEX(_xlpm.findRange, _xlpm.i), INDEX(_xlpm.replRange, _xlpm.i) ) ) ) )} -> Beetle | ... Q30: {=_xlfn.LET( _xlpm.txt, Q11, _xlpm.findRange, $X$3:$X$30, _xlpm.replRange, $Y$3:$Y$30, _xlpm.n, ROWS(_xlpm.findRange), _xlfn.REDUCE( _xlpm.txt, _xlfn.SEQUENCE(_xlpm.n), _xlfn.LAMBDA(_xlpm.acc,_xlpm.i, SUBSTITUTE( _xlpm.acc, INDEX(_xlpm.findRange, _xlpm.i), INDEX(_xlpm.replRange, _xlpm.i) ) ) ) )} -> 252 Currency | S30: 232 Currency | U30: =IF(ISNUMBER(1*LEFT(S30, 1)), RIGHT(S30,LEN(S30)-SEARCH(" ",S30)),S30) -> Currency | V30: =ISNUMBER(MATCH(U30,$A$3:$A$18,0)) -> FALSE | AC30: 2 Event Equipment | AE30: =IF(ISNUMBER(1*LEFT(AC30, 1)), RIGHT(AC30,LEN(AC30)-SEARCH(" ",AC30)),AC30) -> Event Equipment | AF30: =ISNUMBER(MATCH(AE30,$A$3:$A$18,0)) -> FALSE
A31: {=_xlfn.LET( _xlpm.txt, A12, _xlpm.findRange, $X$3:$X$30, _xlpm.replRange, $Y$3:$Y$30, _xlpm.n, ROWS(_xlpm.findRange), _xlfn.REDUCE( _xlpm.txt, _xlfn.SEQUENCE(_xlpm.n), _xlfn.LAMBDA(_xlpm.acc,_xlpm.i, SUBSTITUTE( _xlpm.acc, INDEX(_xlpm.findRange, _xlpm.i), INDEX(_xlpm.replRange, _xlpm.i) ) ) ) )} -> Sand | B31: {=_xlfn.LET( _xlpm.txt, B12, _xlpm.findRange, $X$3:$X$30, _xlpm.replRange, $Y$3:$Y$30, _xlpm.n, ROWS(_xlpm.findRange), _xlfn.REDUCE( _xlpm.txt, _xlfn.SEQUENCE(_xlpm.n), _xlfn.LAMBDA(_xlpm.acc,_xlpm.i, SUBSTITUTE( _xlpm.acc, INDEX(_xlpm.findRange, _xlpm.i), INDEX(_xlpm.replRange, _xlpm.i) ) ) ) )} -> 2 Raid Cards | C31: {=_xlfn.LET( _xlpm.txt, C12, _xlpm.findRange, $X$3:$X$30, _xlpm.replRange, $Y$3:$Y$30, _xlpm.n, ROWS(_xlpm.findRange), _xlfn.REDUCE( _xlpm.txt, _xlfn.SEQUENCE(_xlpm.n), _xlfn.LAMBDA(_xlpm.acc,_xlpm.i, SUBSTITUTE( _xlpm.acc, INDEX(_xlpm.findRange, _xlpm.i), INDEX(_xlpm.replRange, _xlpm.i) ) ) ) )} -> 6 Currency | D31: {=_xlfn.LET( _xlpm.txt, D12, _xlpm.findRange, $X$3:$X$30, _xlpm.replRange, $Y$3:$Y$30, _xlpm.n, ROWS(_xlpm.findRange), _xlfn.REDUCE( _xlpm.txt, _xlfn.SEQUENCE(_xlpm.n), _xlfn.LAMBDA(_xlpm.acc,_xlpm.i, SUBSTITUTE( _xlpm.acc, INDEX(_xlpm.findRange, _xlpm.i), INDEX(_xlpm.replRange, _xlpm.i) ) ) ) )} -> 6 Currency | E31: {=_xlfn.LET( _xlpm.txt, E12, _xlpm.findRange, $X$3:$X$30, _xlpm.replRange, $Y$3:$Y$30, _xlpm.n, ROWS(_xlpm.findRange), _xlfn.REDUCE( _xlpm.txt, _xlfn.SEQUENCE(_xlpm.n), _xlfn.LAMBDA(_xlpm.acc,_xlpm.i, SUBSTITUTE( _xlpm.acc, INDEX(_xlpm.findRange, _xlpm.i), INDEX(_xlpm.replRange, _xlpm.i) ) ) ) )} -> 9 Crafting Shards | F31: {=_xlfn.LET( _xlpm.txt, F12, _xlpm.findRange, $X$3:$X$30, _xlpm.replRange, $Y$3:$Y$30, _xlpm.n, ROWS(_xlpm.findRange), _xlfn.REDUCE( _xlpm.txt, _xlfn.SEQUENCE(_xlpm.n), _xlfn.LAMBDA(_xlpm.acc,_xlpm.i, SUBSTITUTE( _xlpm.acc, INDEX(_xlpm.findRange, _xlpm.i), INDEX(_xlpm.replRange, _xlpm.i) ) ) ) )} -> 66 Currency | G31: {=_xlfn.LET( _xlpm.txt, G12, _xlpm.findRange, $X$3:$X$30, _xlpm.replRange, $Y$3:$Y$30, _xlpm.n, ROWS(_xlpm.findRange), _xlfn.REDUCE( _xlpm.txt, _xlfn.SEQUENCE(_xlpm.n), _xlfn.LAMBDA(_xlpm.acc,_xlpm.i, SUBSTITUTE( _xlpm.acc, INDEX(_xlpm.findRange, _xlpm.i), INDEX(_xlpm.replRange, _xlpm.i) ) ) ) )} -> 66 Currency | H31: {=_xlfn.LET( _xlpm.txt, H12, _xlpm.findRange, $X$3:$X$30, _xlpm.replRange, $Y$3:$Y$30, _xlpm.n, ROWS(_xlpm.findRange), _xlfn.REDUCE( _xlpm.txt, _xlfn.SEQUENCE(_xlpm.n), _xlfn.LAMBDA(_xlpm.acc,_xlpm.i, SUBSTITUTE( _xlpm.acc, INDEX(_xlpm.findRange, _xlpm.i), INDEX(_xlpm.replRange, _xlpm.i) ) ) ) )} -> 13 Pet Eggs | ... Q31: {=_xlfn.LET( _xlpm.txt, Q12, _xlpm.findRange, $X$3:$X$30, _xlpm.replRange, $Y$3:$Y$30, _xlpm.n, ROWS(_xlpm.findRange), _xlfn.REDUCE( _xlpm.txt, _xlfn.SEQUENCE(_xlpm.n), _xlfn.LAMBDA(_xlpm.acc,_xlpm.i, SUBSTITUTE( _xlpm.acc, INDEX(_xlpm.findRange, _xlpm.i), INDEX(_xlpm.replRange, _xlpm.i) ) ) ) )} -> 3 Fortune Scrolls | S31: 2 Rare Equipment | U31: =IF(ISNUMBER(1*LEFT(S31, 1)), RIGHT(S31,LEN(S31)-SEARCH(" ",S31)),S31) -> Rare Equipment | V31: =ISNUMBER(MATCH(U31,$A$3:$A$18,0)) -> FALSE | AC31: 25 Currency | AE31: =IF(ISNUMBER(1*LEFT(AC31, 1)), RIGHT(AC31,LEN(AC31)-SEARCH(" ",AC31)),AC31) -> Currency | AF31: =ISNUMBER(MATCH(AE31,$A$3:$A$18,0)) -> FALSE
A32: {=_xlfn.LET( _xlpm.txt, A13, _xlpm.findRange, $X$3:$X$30, _xlpm.replRange, $Y$3:$Y$30, _xlpm.n, ROWS(_xlpm.findRange), _xlfn.REDUCE( _xlpm.txt, _xlfn.SEQUENCE(_xlpm.n), _xlfn.LAMBDA(_xlpm.acc,_xlpm.i, SUBSTITUTE( _xlpm.acc, INDEX(_xlpm.findRange, _xlpm.i), INDEX(_xlpm.replRange, _xlpm.i) ) ) ) )} -> Lightning | B32: {=_xlfn.LET( _xlpm.txt, B13, _xlpm.findRange, $X$3:$X$30, _xlpm.replRange, $Y$3:$Y$30, _xlpm.n, ROWS(_xlpm.findRange), _xlfn.REDUCE( _xlpm.txt, _xlfn.SEQUENCE(_xlpm.n), _xlfn.LAMBDA(_xlpm.acc,_xlpm.i, SUBSTITUTE( _xlpm.acc, INDEX(_xlpm.findRange, _xlpm.i), INDEX(_xlpm.replRange, _xlpm.i) ) ) ) )} -> 2 Skill Points | C32: {=_xlfn.LET( _xlpm.txt, C13, _xlpm.findRange, $X$3:$X$30, _xlpm.replRange, $Y$3:$Y$30, _xlpm.n, ROWS(_xlpm.findRange), _xlfn.REDUCE( _xlpm.txt, _xlfn.SEQUENCE(_xlpm.n), _xlfn.LAMBDA(_xlpm.acc,_xlpm.i, SUBSTITUTE( _xlpm.acc, INDEX(_xlpm.findRange, _xlpm.i), INDEX(_xlpm.replRange, _xlpm.i) ) ) ) )} -> 2 Raid Cards | D32: {=_xlfn.LET( _xlpm.txt, D13, _xlpm.findRange, $X$3:$X$30, _xlpm.replRange, $Y$3:$Y$30, _xlpm.n, ROWS(_xlpm.findRange), _xlfn.REDUCE( _xlpm.txt, _xlfn.SEQUENCE(_xlpm.n), _xlfn.LAMBDA(_xlpm.acc,_xlpm.i, SUBSTITUTE( _xlpm.acc, INDEX(_xlpm.findRange, _xlpm.i), INDEX(_xlpm.replRange, _xlpm.i) ) ) ) )} -> 2 Skill Points | E32: {=_xlfn.LET( _xlpm.txt, E13, _xlpm.findRange, $X$3:$X$30, _xlpm.replRange, $Y$3:$Y$30, _xlpm.n, ROWS(_xlpm.findRange), _xlfn.REDUCE( _xlpm.txt, _xlfn.SEQUENCE(_xlpm.n), _xlfn.LAMBDA(_xlpm.acc,_xlpm.i, SUBSTITUTE( _xlpm.acc, INDEX(_xlpm.findRange, _xlpm.i), INDEX(_xlpm.replRange, _xlpm.i) ) ) ) )} -> 16 Wildcards | F32: {=_xlfn.LET( _xlpm.txt, F13, _xlpm.findRange, $X$3:$X$30, _xlpm.replRange, $Y$3:$Y$30, _xlpm.n, ROWS(_xlpm.findRange), _xlfn.REDUCE( _xlpm.txt, _xlfn.SEQUENCE(_xlpm.n), _xlfn.LAMBDA(_xlpm.acc,_xlpm.i, SUBSTITUTE( _xlpm.acc, INDEX(_xlpm.findRange, _xlpm.i), INDEX(_xlpm.replRange, _xlpm.i) ) ) ) )} -> 2 Skill Points | G32: {=_xlfn.LET( _xlpm.txt, G13, _xlpm.findRange, $X$3:$X$30, _xlpm.replRange, $Y$3:$Y$30, _xlpm.n, ROWS(_xlpm.findRange), _xlfn.REDUCE( _xlpm.txt, _xlfn.SEQUENCE(_xlpm.n), _xlfn.LAMBDA(_xlpm.acc,_xlpm.i, SUBSTITUTE( _xlpm.acc, INDEX(_xlpm.findRange, _xlpm.i), INDEX(_xlpm.replRange, _xlpm.i) ) ) ) )} -> 22 Raid cards | H32: {=_xlfn.LET( _xlpm.txt, H13, _xlpm.findRange, $X$3:$X$30, _xlpm.replRange, $Y$3:$Y$30, _xlpm.n, ROWS(_xlpm.findRange), _xlfn.REDUCE( _xlpm.txt, _xlfn.SEQUENCE(_xlpm.n), _xlfn.LAMBDA(_xlpm.acc,_xlpm.i, SUBSTITUTE( _xlpm.acc, INDEX(_xlpm.findRange, _xlpm.i), INDEX(_xlpm.replRange, _xlpm.i) ) ) ) )} -> 8 Currency | ... Q32: {=_xlfn.LET( _xlpm.txt, Q13, _xlpm.findRange, $X$3:$X$30, _xlpm.replRange, $Y$3:$Y$30, _xlpm.n, ROWS(_xlpm.findRange), _xlfn.REDUCE( _xlpm.txt, _xlfn.SEQUENCE(_xlpm.n), _xlfn.LAMBDA(_xlpm.acc,_xlpm.i, SUBSTITUTE( _xlpm.acc, INDEX(_xlpm.findRange, _xlpm.i), INDEX(_xlpm.replRange, _xlpm.i) ) ) ) )} -> 28 Currency | S32: 25 Currency | U32: =IF(ISNUMBER(1*LEFT(S32, 1)), RIGHT(S32,LEN(S32)-SEARCH(" ",S32)),S32) -> Currency | V32: =ISNUMBER(MATCH(U32,$A$3:$A$18,0)) -> FALSE | AC32: Pepper | AE32: =IF(ISNUMBER(1*LEFT(AC32, 1)), RIGHT(AC32,LEN(AC32)-SEARCH(" ",AC32)),AC32) -> Pepper | AF32: =ISNUMBER(MATCH(AE32,$A$3:$A$18,0)) -> TRUE
A33: {=_xlfn.LET( _xlpm.txt, A14, _xlpm.findRange, $X$3:$X$30, _xlpm.replRange, $Y$3:$Y$30, _xlpm.n, ROWS(_xlpm.findRange), _xlfn.REDUCE( _xlpm.txt, _xlfn.SEQUENCE(_xlpm.n), _xlfn.LAMBDA(_xlpm.acc,_xlpm.i, SUBSTITUTE( _xlpm.acc, INDEX(_xlpm.findRange, _xlpm.i), INDEX(_xlpm.replRange, _xlpm.i) ) ) ) )} -> Beetle | B33: {=_xlfn.LET( _xlpm.txt, B14, _xlpm.findRange, $X$3:$X$30, _xlpm.replRange, $Y$3:$Y$30, _xlpm.n, ROWS(_xlpm.findRange), _xlfn.REDUCE( _xlpm.txt, _xlfn.SEQUENCE(_xlpm.n), _xlfn.LAMBDA(_xlpm.acc,_xlpm.i, SUBSTITUTE( _xlpm.acc, INDEX(_xlpm.findRange, _xlpm.i), INDEX(_xlpm.replRange, _xlpm.i) ) ) ) )} -> 4 Hero Weapons | C33: {=_xlfn.LET( _xlpm.txt, C14, _xlpm.findRange, $X$3:$X$30, _xlpm.replRange, $Y$3:$Y$30, _xlpm.n, ROWS(_xlpm.findRange), _xlfn.REDUCE( _xlpm.txt, _xlfn.SEQUENCE(_xlpm.n), _xlfn.LAMBDA(_xlpm.acc,_xlpm.i, SUBSTITUTE( _xlpm.acc, INDEX(_xlpm.findRange, _xlpm.i), INDEX(_xlpm.replRange, _xlpm.i) ) ) ) )} -> 3 Perks | D33: {=_xlfn.LET( _xlpm.txt, D14, _xlpm.findRange, $X$3:$X$30, _xlpm.replRange, $Y$3:$Y$30, _xlpm.n, ROWS(_xlpm.findRange), _xlfn.REDUCE( _xlpm.txt, _xlfn.SEQUENCE(_xlpm.n), _xlfn.LAMBDA(_xlpm.acc,_xlpm.i, SUBSTITUTE( _xlpm.acc, INDEX(_xlpm.findRange, _xlpm.i), INDEX(_xlpm.replRange, _xlpm.i) ) ) ) )} -> 6 Currency | E33: {=_xlfn.LET( _xlpm.txt, E14, _xlpm.findRange, $X$3:$X$30, _xlpm.replRange, $Y$3:$Y$30, _xlpm.n, ROWS(_xlpm.findRange), _xlfn.REDUCE( _xlpm.txt, _xlfn.SEQUENCE(_xlpm.n), _xlfn.LAMBDA(_xlpm.acc,_xlpm.i, SUBSTITUTE( _xlpm.acc, INDEX(_xlpm.findRange, _xlpm.i), INDEX(_xlpm.replRange, _xlpm.i) ) ) ) )} -> 66 Currency | F33: {=_xlfn.LET( _xlpm.txt, F14, _xlpm.findRange, $X$3:$X$30, _xlpm.replRange, $Y$3:$Y$30, _xlpm.n, ROWS(_xlpm.findRange), _xlfn.REDUCE( _xlpm.txt, _xlfn.SEQUENCE(_xlpm.n), _xlfn.LAMBDA(_xlpm.acc,_xlpm.i, SUBSTITUTE( _xlpm.acc, INDEX(_xlpm.findRange, _xlpm.i), INDEX(_xlpm.replRange, _xlpm.i) ) ) ) )} -> 22 Raid Cards | G33: {=_xlfn.LET( _xlpm.txt, G14, _xlpm.findRange, $X$3:$X$30, _xlpm.replRange, $Y$3:$Y$30, _xlpm.n, ROWS(_xlpm.findRange), _xlfn.REDUCE( _xlpm.txt, _xlfn.SEQUENCE(_xlpm.n), _xlfn.LAMBDA(_xlpm.acc,_xlpm.i, SUBSTITUTE( _xlpm.acc, INDEX(_xlpm.findRange, _xlpm.i), INDEX(_xlpm.replRange, _xlpm.i) ) ) ) )} -> 66 Currency | H33: {=_xlfn.LET( _xlpm.txt, H14, _xlpm.findRange, $X$3:$X$30, _xlpm.replRange, $Y$3:$Y$30, _xlpm.n, ROWS(_xlpm.findRange), _xlfn.REDUCE( _xlpm.txt, _xlfn.SEQUENCE(_xlpm.n), _xlfn.LAMBDA(_xlpm.acc,_xlpm.i, SUBSTITUTE( _xlpm.acc, INDEX(_xlpm.findRange, _xlpm.i), INDEX(_xlpm.replRange, _xlpm.i) ) ) ) )} -> 26 Raid Cards | ... Q33: {=_xlfn.LET( _xlpm.txt, Q14, _xlpm.findRange, $X$3:$X$30, _xlpm.replRange, $Y$3:$Y$30, _xlpm.n, ROWS(_xlpm.findRange), _xlfn.REDUCE( _xlpm.txt, _xlfn.SEQUENCE(_xlpm.n), _xlfn.LAMBDA(_xlpm.acc,_xlpm.i, SUBSTITUTE( _xlpm.acc, INDEX(_xlpm.findRange, _xlpm.i), INDEX(_xlpm.replRange, _xlpm.i) ) ) ) )} -> 11 Skill Points | S33: Pepper | U33: =IF(ISNUMBER(1*LEFT(S33, 1)), RIGHT(S33,LEN(S33)-SEARCH(" ",S33)),S33) -> Pepper | V33: =ISNUMBER(MATCH(U33,$A$3:$A$18,0)) -> TRUE | AC33: 2 Hero Weapons | AE33: =IF(ISNUMBER(1*LEFT(AC33, 1)), RIGHT(AC33,LEN(AC33)-SEARCH(" ",AC33)),AC33) -> Hero Weapons | AF33: =ISNUMBER(MATCH(AE33,$A$3:$A$18,0)) -> FALSE
A34: {=_xlfn.LET( _xlpm.txt, A15, _xlpm.findRange, $X$3:$X$30, _xlpm.replRange, $Y$3:$Y$30, _xlpm.n, ROWS(_xlpm.findRange), _xlfn.REDUCE( _xlpm.txt, _xlfn.SEQUENCE(_xlpm.n), _xlfn.LAMBDA(_xlpm.acc,_xlpm.i, SUBSTITUTE( _xlpm.acc, INDEX(_xlpm.findRange, _xlpm.i), INDEX(_xlpm.replRange, _xlpm.i) ) ) ) )} -> Flame | B34: {=_xlfn.LET( _xlpm.txt, B15, _xlpm.findRange, $X$3:$X$30, _xlpm.replRange, $Y$3:$Y$30, _xlpm.n, ROWS(_xlpm.findRange), _xlfn.REDUCE( _xlpm.txt, _xlfn.SEQUENCE(_xlpm.n), _xlfn.LAMBDA(_xlpm.acc,_xlpm.i, SUBSTITUTE( _xlpm.acc, INDEX(_xlpm.findRange, _xlpm.i), INDEX(_xlpm.replRange, _xlpm.i) ) ) ) )} -> 116 Currency | C34: {=_xlfn.LET( _xlpm.txt, C15, _xlpm.findRange, $X$3:$X$30, _xlpm.replRange, $Y$3:$Y$30, _xlpm.n, ROWS(_xlpm.findRange), _xlfn.REDUCE( _xlpm.txt, _xlfn.SEQUENCE(_xlpm.n), _xlfn.LAMBDA(_xlpm.acc,_xlpm.i, SUBSTITUTE( _xlpm.acc, INDEX(_xlpm.findRange, _xlpm.i), INDEX(_xlpm.replRange, _xlpm.i) ) ) ) )} -> 116 Currency | D34: {=_xlfn.LET( _xlpm.txt, D15, _xlpm.findRange, $X$3:$X$30, _xlpm.replRange, $Y$3:$Y$30, _xlpm.n, ROWS(_xlpm.findRange), _xlfn.REDUCE( _xlpm.txt, _xlfn.SEQUENCE(_xlpm.n), _xlfn.LAMBDA(_xlpm.acc,_xlpm.i, SUBSTITUTE( _xlpm.acc, INDEX(_xlpm.findRange, _xlpm.i), INDEX(_xlpm.replRange, _xlpm.i) ) ) ) )} -> 116 currency | E34: {=_xlfn.LET( _xlpm.txt, E15, _xlpm.findRange, $X$3:$X$30, _xlpm.replRange, $Y$3:$Y$30, _xlpm.n, ROWS(_xlpm.findRange), _xlfn.REDUCE( _xlpm.txt, _xlfn.SEQUENCE(_xlpm.n), _xlfn.LAMBDA(_xlpm.acc,_xlpm.i, SUBSTITUTE( _xlpm.acc, INDEX(_xlpm.findRange, _xlpm.i), INDEX(_xlpm.replRange, _xlpm.i) ) ) ) )} -> 122 Currency | F34: {=_xlfn.LET( _xlpm.txt, F15, _xlpm.findRange, $X$3:$X$30, _xlpm.replRange, $Y$3:$Y$30, _xlpm.n, ROWS(_xlpm.findRange), _xlfn.REDUCE( _xlpm.txt, _xlfn.SEQUENCE(_xlpm.n), _xlfn.LAMBDA(_xlpm.acc,_xlpm.i, SUBSTITUTE( _xlpm.acc, INDEX(_xlpm.findRange, _xlpm.i), INDEX(_xlpm.replRange, _xlpm.i) ) ) ) )} -> 122 Currency | G34: {=_xlfn.LET( _xlpm.txt, G15, _xlpm.findRange, $X$3:$X$30, _xlpm.replRange, $Y$3:$Y$30, _xlpm.n, ROWS(_xlpm.findRange), _xlfn.REDUCE( _xlpm.txt, _xlfn.SEQUENCE(_xlpm.n), _xlfn.LAMBDA(_xlpm.acc,_xlpm.i, SUBSTITUTE( _xlpm.acc, INDEX(_xlpm.findRange, _xlpm.i), INDEX(_xlpm.replRange, _xlpm.i) ) ) ) )} -> 122 Currency | H34: {=_xlfn.LET( _xlpm.txt, H15, _xlpm.findRange, $X$3:$X$30, _xlpm.replRange, $Y$3:$Y$30, _xlpm.n, ROWS(_xlpm.findRange), _xlfn.REDUCE( _xlpm.txt, _xlfn.SEQUENCE(_xlpm.n), _xlfn.LAMBDA(_xlpm.acc,_xlpm.i, SUBSTITUTE( _xlpm.acc, INDEX(_xlpm.findRange, _xlpm.i), INDEX(_xlpm.replRange, _xlpm.i) ) ) ) )} -> 136 Currency | ... Q34: {=_xlfn.LET( _xlpm.txt, Q15, _xlpm.findRange, $X$3:$X$30, _xlpm.replRange, $Y$3:$Y$30, _xlpm.n, ROWS(_xlpm.findRange), _xlfn.REDUCE( _xlpm.txt, _xlfn.SEQUENCE(_xlpm.n), _xlfn.LAMBDA(_xlpm.acc,_xlpm.i, SUBSTITUTE( _xlpm.acc, INDEX(_xlpm.findRange, _xlpm.i), INDEX(_xlpm.replRange, _xlpm.i) ) ) ) )} -> 84 Wildcards | S34: 2 Hero Weapons | U34: =IF(ISNUMBER(1*LEFT(S34, 1)), RIGHT(S34,LEN(S34)-SEARCH(" ",S34)),S34) -> Hero Weapons | V34: =ISNUMBER(MATCH(U34,$A$3:$A$18,0)) -> FALSE | AC34: 12 Raid Cards | AE34: =IF(ISNUMBER(1*LEFT(AC34, 1)), RIGHT(AC34,LEN(AC34)-SEARCH(" ",AC34)),AC34) -> Raid Cards | AF34: =ISNUMBER(MATCH(AE34,$A$3:$A$18,0)) -> FALSE
A35: {=_xlfn.LET( _xlpm.txt, A16, _xlpm.findRange, $X$3:$X$30, _xlpm.replRange, $Y$3:$Y$30, _xlpm.n, ROWS(_xlpm.findRange), _xlfn.REDUCE( _xlpm.txt, _xlfn.SEQUENCE(_xlpm.n), _xlfn.LAMBDA(_xlpm.acc,_xlpm.i, SUBSTITUTE( _xlpm.acc, INDEX(_xlpm.findRange, _xlpm.i), INDEX(_xlpm.replRange, _xlpm.i) ) ) ) )} -> Scale | B35: {=_xlfn.LET( _xlpm.txt, B16, _xlpm.findRange, $X$3:$X$30, _xlpm.replRange, $Y$3:$Y$30, _xlpm.n, ROWS(_xlpm.findRange), _xlfn.REDUCE( _xlpm.txt, _xlfn.SEQUENCE(_xlpm.n), _xlfn.LAMBDA(_xlpm.acc,_xlpm.i, SUBSTITUTE( _xlpm.acc, INDEX(_xlpm.findRange, _xlpm.i), INDEX(_xlpm.replRange, _xlpm.i) ) ) ) )} -> 1 Clan Scrolls | C35: {=_xlfn.LET( _xlpm.txt, C16, _xlpm.findRange, $X$3:$X$30, _xlpm.replRange, $Y$3:$Y$30, _xlpm.n, ROWS(_xlpm.findRange), _xlfn.REDUCE( _xlpm.txt, _xlfn.SEQUENCE(_xlpm.n), _xlfn.LAMBDA(_xlpm.acc,_xlpm.i, SUBSTITUTE( _xlpm.acc, INDEX(_xlpm.findRange, _xlpm.i), INDEX(_xlpm.replRange, _xlpm.i) ) ) ) )} -> 116 Currency | D35: {=_xlfn.LET( _xlpm.txt, D16, _xlpm.findRange, $X$3:$X$30, _xlpm.replRange, $Y$3:$Y$30, _xlpm.n, ROWS(_xlpm.findRange), _xlfn.REDUCE( _xlpm.txt, _xlfn.SEQUENCE(_xlpm.n), _xlfn.LAMBDA(_xlpm.acc,_xlpm.i, SUBSTITUTE( _xlpm.acc, INDEX(_xlpm.findRange, _xlpm.i), INDEX(_xlpm.replRange, _xlpm.i) ) ) ) )} -> 116 Currency | E35: {=_xlfn.LET( _xlpm.txt, E16, _xlpm.findRange, $X$3:$X$30, _xlpm.replRange, $Y$3:$Y$30, _xlpm.n, ROWS(_xlpm.findRange), _xlfn.REDUCE( _xlpm.txt, _xlfn.SEQUENCE(_xlpm.n), _xlfn.LAMBDA(_xlpm.acc,_xlpm.i, SUBSTITUTE( _xlpm.acc, INDEX(_xlpm.findRange, _xlpm.i), INDEX(_xlpm.replRange, _xlpm.i) ) ) ) )} -> 122 Currency | F35: {=_xlfn.LET( _xlpm.txt, F16, _xlpm.findRange, $X$3:$X$30, _xlpm.replRange, $Y$3:$Y$30, _xlpm.n, ROWS(_xlpm.findRange), _xlfn.REDUCE( _xlpm.txt, _xlfn.SEQUENCE(_xlpm.n), _xlfn.LAMBDA(_xlpm.acc,_xlpm.i, SUBSTITUTE( _xlpm.acc, INDEX(_xlpm.findRange, _xlpm.i), INDEX(_xlpm.replRange, _xlpm.i) ) ) ) )} -> Event Equipment | G35: {=_xlfn.LET( _xlpm.txt, G16, _xlpm.findRange, $X$3:$X$30, _xlpm.replRange, $Y$3:$Y$30, _xlpm.n, ROWS(_xlpm.findRange), _xlfn.REDUCE( _xlpm.txt, _xlfn.SEQUENCE(_xlpm.n), _xlfn.LAMBDA(_xlpm.acc,_xlpm.i, SUBSTITUTE( _xlpm.acc, INDEX(_xlpm.findRange, _xlpm.i), INDEX(_xlpm.replRange, _xlpm.i) ) ) ) )} -> 122 Currency | H35: {=_xlfn.LET( _xlpm.txt, H16, _xlpm.findRange, $X$3:$X$30, _xlpm.replRange, $Y$3:$Y$30, _xlpm.n, ROWS(_xlpm.findRange), _xlfn.REDUCE( _xlpm.txt, _xlfn.SEQUENCE(_xlpm.n), _xlfn.LAMBDA(_xlpm.acc,_xlpm.i, SUBSTITUTE( _xlpm.acc, INDEX(_xlpm.findRange, _xlpm.i), INDEX(_xlpm.replRange, _xlpm.i) ) ) ) )} -> 136 Currency | ... Q35: {=_xlfn.LET( _xlpm.txt, Q16, _xlpm.findRange, $X$3:$X$30, _xlpm.replRange, $Y$3:$Y$30, _xlpm.n, ROWS(_xlpm.findRange), _xlfn.REDUCE( _xlpm.txt, _xlfn.SEQUENCE(_xlpm.n), _xlfn.LAMBDA(_xlpm.acc,_xlpm.i, SUBSTITUTE( _xlpm.acc, INDEX(_xlpm.findRange, _xlpm.i), INDEX(_xlpm.replRange, _xlpm.i) ) ) ) )} -> 84 Wildcards | S35: 12 Raid Cards | U35: =IF(ISNUMBER(1*LEFT(S35, 1)), RIGHT(S35,LEN(S35)-SEARCH(" ",S35)),S35) -> Raid Cards | V35: =ISNUMBER(MATCH(U35,$A$3:$A$18,0)) -> FALSE | AC35: 3 Event Equipment | AE35: =IF(ISNUMBER(1*LEFT(AC35, 1)), RIGHT(AC35,LEN(AC35)-SEARCH(" ",AC35)),AC35) -> Event Equipment | AF35: =ISNUMBER(MATCH(AE35,$A$3:$A$18,0)) -> FALSE
A36: {=_xlfn.LET( _xlpm.txt, A17, _xlpm.findRange, $X$3:$X$30, _xlpm.replRange, $Y$3:$Y$30, _xlpm.n, ROWS(_xlpm.findRange), _xlfn.REDUCE( _xlpm.txt, _xlfn.SEQUENCE(_xlpm.n), _xlfn.LAMBDA(_xlpm.acc,_xlpm.i, SUBSTITUTE( _xlpm.acc, INDEX(_xlpm.findRange, _xlpm.i), INDEX(_xlpm.replRange, _xlpm.i) ) ) ) )} -> Essence | B36: {=_xlfn.LET( _xlpm.txt, B17, _xlpm.findRange, $X$3:$X$30, _xlpm.replRange, $Y$3:$Y$30, _xlpm.n, ROWS(_xlpm.findRange), _xlfn.REDUCE( _xlpm.txt, _xlfn.SEQUENCE(_xlpm.n), _xlfn.LAMBDA(_xlpm.acc,_xlpm.i, SUBSTITUTE( _xlpm.acc, INDEX(_xlpm.findRange, _xlpm.i), INDEX(_xlpm.replRange, _xlpm.i) ) ) ) )} -> 116 Currency | C36: {=_xlfn.LET( _xlpm.txt, C17, _xlpm.findRange, $X$3:$X$30, _xlpm.replRange, $Y$3:$Y$30, _xlpm.n, ROWS(_xlpm.findRange), _xlfn.REDUCE( _xlpm.txt, _xlfn.SEQUENCE(_xlpm.n), _xlfn.LAMBDA(_xlpm.acc,_xlpm.i, SUBSTITUTE( _xlpm.acc, INDEX(_xlpm.findRange, _xlpm.i), INDEX(_xlpm.replRange, _xlpm.i) ) ) ) )} -> 116 Currency | D36: {=_xlfn.LET( _xlpm.txt, D17, _xlpm.findRange, $X$3:$X$30, _xlpm.replRange, $Y$3:$Y$30, _xlpm.n, ROWS(_xlpm.findRange), _xlfn.REDUCE( _xlpm.txt, _xlfn.SEQUENCE(_xlpm.n), _xlfn.LAMBDA(_xlpm.acc,_xlpm.i, SUBSTITUTE( _xlpm.acc, INDEX(_xlpm.findRange, _xlpm.i), INDEX(_xlpm.replRange, _xlpm.i) ) ) ) )} -> 116 Currency | E36: {=_xlfn.LET( _xlpm.txt, E17, _xlpm.findRange, $X$3:$X$30, _xlpm.replRange, $Y$3:$Y$30, _xlpm.n, ROWS(_xlpm.findRange), _xlfn.REDUCE( _xlpm.txt, _xlfn.SEQUENCE(_xlpm.n), _xlfn.LAMBDA(_xlpm.acc,_xlpm.i, SUBSTITUTE( _xlpm.acc, INDEX(_xlpm.findRange, _xlpm.i), INDEX(_xlpm.replRange, _xlpm.i) ) ) ) )} -> 12 Event Equipment | F36: {=_xlfn.LET( _xlpm.txt, F17, _xlpm.findRange, $X$3:$X$30, _xlpm.replRange, $Y$3:$Y$30, _xlpm.n, ROWS(_xlpm.findRange), _xlfn.REDUCE( _xlpm.txt, _xlfn.SEQUENCE(_xlpm.n), _xlfn.LAMBDA(_xlpm.acc,_xlpm.i, SUBSTITUTE( _xlpm.acc, INDEX(_xlpm.findRange, _xlpm.i), INDEX(_xlpm.replRange, _xlpm.i) ) ) ) )} -> 8 Hero Weapons | G36: {=_xlfn.LET( _xlpm.txt, G17, _xlpm.findRange, $X$3:$X$30, _xlpm.replRange, $Y$3:$Y$30, _xlpm.n, ROWS(_xlpm.findRange), _xlfn.REDUCE( _xlpm.txt, _xlfn.SEQUENCE(_xlpm.n), _xlfn.LAMBDA(_xlpm.acc,_xlpm.i, SUBSTITUTE( _xlpm.acc, INDEX(_xlpm.findRange, _xlpm.i), INDEX(_xlpm.replRange, _xlpm.i) ) ) ) )} -> 4 Raid Cards | H36: {=_xlfn.LET( _xlpm.txt, H17, _xlpm.findRange, $X$3:$X$30, _xlpm.replRange, $Y$3:$Y$30, _xlpm.n, ROWS(_xlpm.findRange), _xlfn.REDUCE( _xlpm.txt, _xlfn.SEQUENCE(_xlpm.n), _xlfn.LAMBDA(_xlpm.acc,_xlpm.i, SUBSTITUTE( _xlpm.acc, INDEX(_xlpm.findRange, _xlpm.i), INDEX(_xlpm.replRange, _xlpm.i) ) ) ) )} -> 45 Raid Cards | ... Q36: {=_xlfn.LET( _xlpm.txt, Q17, _xlpm.findRange, $X$3:$X$30, _xlpm.replRange, $Y$3:$Y$30, _xlpm.n, ROWS(_xlpm.findRange), _xlfn.REDUCE( _xlpm.txt, _xlfn.SEQUENCE(_xlpm.n), _xlfn.LAMBDA(_xlpm.acc,_xlpm.i, SUBSTITUTE( _xlpm.acc, INDEX(_xlpm.findRange, _xlpm.i), INDEX(_xlpm.replRange, _xlpm.i) ) ) ) )} -> 336 Currency | S36: 3 Rare Equipment | U36: =IF(ISNUMBER(1*LEFT(S36, 1)), RIGHT(S36,LEN(S36)-SEARCH(" ",S36)),S36) -> Rare Equipment | V36: =ISNUMBER(MATCH(U36,$A$3:$A$18,0)) -> FALSE | AC36: 9 Crafting Shards | AE36: =IF(ISNUMBER(1*LEFT(AC36, 1)), RIGHT(AC36,LEN(AC36)-SEARCH(" ",AC36)),AC36) -> Crafting Shards | AF36: =ISNUMBER(MATCH(AE36,$A$3:$A$18,0)) -> FALSE
A37: {=_xlfn.LET( _xlpm.txt, A18, _xlpm.findRange, $X$3:$X$30, _xlpm.replRange, $Y$3:$Y$30, _xlpm.n, ROWS(_xlpm.findRange), _xlfn.REDUCE( _xlpm.txt, _xlfn.SEQUENCE(_xlpm.n), _xlfn.LAMBDA(_xlpm.acc,_xlpm.i, SUBSTITUTE( _xlpm.acc, INDEX(_xlpm.findRange, _xlpm.i), INDEX(_xlpm.replRange, _xlpm.i) ) ) ) )} -> Shadow | B37: {=_xlfn.LET( _xlpm.txt, B18, _xlpm.findRange, $X$3:$X$30, _xlpm.replRange, $Y$3:$Y$30, _xlpm.n, ROWS(_xlpm.findRange), _xlfn.REDUCE( _xlpm.txt, _xlfn.SEQUENCE(_xlpm.n), _xlfn.LAMBDA(_xlpm.acc,_xlpm.i, SUBSTITUTE( _xlpm.acc, INDEX(_xlpm.findRange, _xlpm.i), INDEX(_xlpm.replRange, _xlpm.i) ) ) ) )} -> 222 Currency | C37: {=_xlfn.LET( _xlpm.txt, C18, _xlpm.findRange, $X$3:$X$30, _xlpm.replRange, $Y$3:$Y$30, _xlpm.n, ROWS(_xlpm.findRange), _xlfn.REDUCE( _xlpm.txt, _xlfn.SEQUENCE(_xlpm.n), _xlfn.LAMBDA(_xlpm.acc,_xlpm.i, SUBSTITUTE( _xlpm.acc, INDEX(_xlpm.findRange, _xlpm.i), INDEX(_xlpm.replRange, _xlpm.i) ) ) ) )} -> 3 Clan Scrolls | D37: {=_xlfn.LET( _xlpm.txt, D18, _xlpm.findRange, $X$3:$X$30, _xlpm.replRange, $Y$3:$Y$30, _xlpm.n, ROWS(_xlpm.findRange), _xlfn.REDUCE( _xlpm.txt, _xlfn.SEQUENCE(_xlpm.n), _xlfn.LAMBDA(_xlpm.acc,_xlpm.i, SUBSTITUTE( _xlpm.acc, INDEX(_xlpm.findRange, _xlpm.i), INDEX(_xlpm.replRange, _xlpm.i) ) ) ) )} -> 232 Currency | E37: {=_xlfn.LET( _xlpm.txt, E18, _xlpm.findRange, $X$3:$X$30, _xlpm.replRange, $Y$3:$Y$30, _xlpm.n, ROWS(_xlpm.findRange), _xlfn.REDUCE( _xlpm.txt, _xlfn.SEQUENCE(_xlpm.n), _xlfn.LAMBDA(_xlpm.acc,_xlpm.i, SUBSTITUTE( _xlpm.acc, INDEX(_xlpm.findRange, _xlpm.i), INDEX(_xlpm.replRange, _xlpm.i) ) ) ) )} -> 3 Clan Scrolls | F37: {=_xlfn.LET( _xlpm.txt, F18, _xlpm.findRange, $X$3:$X$30, _xlpm.replRange, $Y$3:$Y$30, _xlpm.n, ROWS(_xlpm.findRange), _xlfn.REDUCE( _xlpm.txt, _xlfn.SEQUENCE(_xlpm.n), _xlfn.LAMBDA(_xlpm.acc,_xlpm.i, SUBSTITUTE( _xlpm.acc, INDEX(_xlpm.findRange, _xlpm.i), INDEX(_xlpm.replRange, _xlpm.i) ) ) ) )} -> 238 Currency | G37: {=_xlfn.LET( _xlpm.txt, G18, _xlpm.findRange, $X$3:$X$30, _xlpm.replRange, $Y$3:$Y$30, _xlpm.n, ROWS(_xlpm.findRange), _xlfn.REDUCE( _xlpm.txt, _xlfn.SEQUENCE(_xlpm.n), _xlfn.LAMBDA(_xlpm.acc,_xlpm.i, SUBSTITUTE( _xlpm.acc, INDEX(_xlpm.findRange, _xlpm.i), INDEX(_xlpm.replRange, _xlpm.i) ) ) ) )} -> 39 Pet Eggs | H37: {=_xlfn.LET( _xlpm.txt, H18, _xlpm.findRange, $X$3:$X$30, _xlpm.replRange, $Y$3:$Y$30, _xlpm.n, ROWS(_xlpm.findRange), _xlfn.REDUCE( _xlpm.txt, _xlfn.SEQUENCE(_xlpm.n), _xlfn.LAMBDA(_xlpm.acc,_xlpm.i, SUBSTITUTE( _xlpm.acc, INDEX(_xlpm.findRange, _xlpm.i), INDEX(_xlpm.replRange, _xlpm.i) ) ) ) )} -> 252 Currency | ... Q37: {=_xlfn.LET( _xlpm.txt, Q18, _xlpm.findRange, $X$3:$X$30, _xlpm.replRange, $Y$3:$Y$30, _xlpm.n, ROWS(_xlpm.findRange), _xlfn.REDUCE( _xlpm.txt, _xlfn.SEQUENCE(_xlpm.n), _xlfn.LAMBDA(_xlpm.acc,_xlpm.i, SUBSTITUTE( _xlpm.acc, INDEX(_xlpm.findRange, _xlpm.i), INDEX(_xlpm.replRange, _xlpm.i) ) ) ) )} -> 1 Legendary Equipment | S37: 9 Crafting Shards | U37: =IF(ISNUMBER(1*LEFT(S37, 1)), RIGHT(S37,LEN(S37)-SEARCH(" ",S37)),S37) -> Crafting Shards | V37: =ISNUMBER(MATCH(U37,$A$3:$A$18,0)) -> FALSE | AC37: 16 Wildcards | AE37: =IF(ISNUMBER(1*LEFT(AC37, 1)), RIGHT(AC37,LEN(AC37)-SEARCH(" ",AC37)),AC37) -> Wildcards | AF37: =ISNUMBER(MATCH(AE37,$A$3:$A$18,0)) -> FALSE
S38: 16 Wildcards | U38: =IF(ISNUMBER(1*LEFT(S38, 1)), RIGHT(S38,LEN(S38)-SEARCH(" ",S38)),S38) -> Wildcards | V38: =ISNUMBER(MATCH(U38,$A$3:$A$18,0)) -> FALSE | AC38: 66 Currency | AE38: =IF(ISNUMBER(1*LEFT(AC38, 1)), RIGHT(AC38,LEN(AC38)-SEARCH(" ",AC38)),AC38) -> Currency | AF38: =ISNUMBER(MATCH(AE38,$A$3:$A$18,0)) -> FALSE
S39: 66 Currency | U39: =IF(ISNUMBER(1*LEFT(S39, 1)), RIGHT(S39,LEN(S39)-SEARCH(" ",S39)),S39) -> Currency | V39: =ISNUMBER(MATCH(U39,$A$3:$A$18,0)) -> FALSE | AC39: 122 Currency | AE39: =IF(ISNUMBER(1*LEFT(AC39, 1)), RIGHT(AC39,LEN(AC39)-SEARCH(" ",AC39)),AC39) -> Currency | AF39: =ISNUMBER(MATCH(AE39,$A$3:$A$18,0)) -> FALSE
S40: 122 Currency | U40: =IF(ISNUMBER(1*LEFT(S40, 1)), RIGHT(S40,LEN(S40)-SEARCH(" ",S40)),S40) -> Currency | V40: =ISNUMBER(MATCH(U40,$A$3:$A$18,0)) -> FALSE | AC40: 12 Event Equipment | AE40: =IF(ISNUMBER(1*LEFT(AC40, 1)), RIGHT(AC40,LEN(AC40)-SEARCH(" ",AC40)),AC40) -> Event Equipment | AF40: =ISNUMBER(MATCH(AE40,$A$3:$A$18,0)) -> FALSE
S41: 12 Rare Equipment | U41: =IF(ISNUMBER(1*LEFT(S41, 1)), RIGHT(S41,LEN(S41)-SEARCH(" ",S41)),S41) -> Rare Equipment | V41: =ISNUMBER(MATCH(U41,$A$3:$A$18,0)) -> FALSE | AC41: Mushroom | AE41: =IF(ISNUMBER(1*LEFT(AC41, 1)), RIGHT(AC41,LEN(AC41)-SEARCH(" ",AC41)),AC41) -> Mushroom | AF41: =ISNUMBER(MATCH(AE41,$A$3:$A$18,0)) -> TRUE
S42: Mushroom | U42: =IF(ISNUMBER(1*LEFT(S42, 1)), RIGHT(S42,LEN(S42)-SEARCH(" ",S42)),S42) -> Mushroom | V42: =ISNUMBER(MATCH(U42,$A$3:$A$18,0)) -> TRUE | AC42: 38 Currency | AE42: =IF(ISNUMBER(1*LEFT(AC42, 1)), RIGHT(AC42,LEN(AC42)-SEARCH(" ",AC42)),AC42) -> Currency | AF42: =ISNUMBER(MATCH(AE42,$A$3:$A$18,0)) -> FALSE
S43: 38 Currency | U43: =IF(ISNUMBER(1*LEFT(S43, 1)), RIGHT(S43,LEN(S43)-SEARCH(" ",S43)),S43) -> Currency | V43: =ISNUMBER(MATCH(U43,$A$3:$A$18,0)) -> FALSE | AC43: 22 Raid Cards | AE43: =IF(ISNUMBER(1*LEFT(AC43, 1)), RIGHT(AC43,LEN(AC43)-SEARCH(" ",AC43)),AC43) -> Raid Cards | AF43: =ISNUMBER(MATCH(AE43,$A$3:$A$18,0)) -> FALSE
S44: Event Equipment | U44: =IF(ISNUMBER(1*LEFT(S44, 1)), RIGHT(S44,LEN(S44)-SEARCH(" ",S44)),S44) -> Event Equipment | V44: =ISNUMBER(MATCH(U44,$A$3:$A$18,0)) -> FALSE | AC44: 8 Hero Weapons | AE44: =IF(ISNUMBER(1*LEFT(AC44, 1)), RIGHT(AC44,LEN(AC44)-SEARCH(" ",AC44)),AC44) -> Hero Weapons | AF44: =ISNUMBER(MATCH(AE44,$A$3:$A$18,0)) -> FALSE
S45: 22 Raid Cards | U45: =IF(ISNUMBER(1*LEFT(S45, 1)), RIGHT(S45,LEN(S45)-SEARCH(" ",S45)),S45) -> Raid Cards | V45: =ISNUMBER(MATCH(U45,$A$3:$A$18,0)) -> FALSE | AC45: 238 Currency | AE45: =IF(ISNUMBER(1*LEFT(AC45, 1)), RIGHT(AC45,LEN(AC45)-SEARCH(" ",AC45)),AC45) -> Currency | AF45: =ISNUMBER(MATCH(AE45,$A$3:$A$18,0)) -> FALSE
S46: 8 Hero Weapons | U46: =IF(ISNUMBER(1*LEFT(S46, 1)), RIGHT(S46,LEN(S46)-SEARCH(" ",S46)),S46) -> Hero Weapons | V46: =ISNUMBER(MATCH(U46,$A$3:$A$18,0)) -> FALSE | AC46: 6 Pet Eggs | AE46: =IF(ISNUMBER(1*LEFT(AC46, 1)), RIGHT(AC46,LEN(AC46)-SEARCH(" ",AC46)),AC46) -> Pet Eggs | AF46: =ISNUMBER(MATCH(AE46,$A$3:$A$18,0)) -> FALSE
S47: 238 Currency | U47: =IF(ISNUMBER(1*LEFT(S47, 1)), RIGHT(S47,LEN(S47)-SEARCH(" ",S47)),S47) -> Currency | V47: =ISNUMBER(MATCH(U47,$A$3:$A$18,0)) -> FALSE | AC47: Sand | AE47: =IF(ISNUMBER(1*LEFT(AC47, 1)), RIGHT(AC47,LEN(AC47)-SEARCH(" ",AC47)),AC47) -> Sand | AF47: =ISNUMBER(MATCH(AE47,$A$3:$A$18,0)) -> TRUE
S48: 6 Pet Eggs | U48: =IF(ISNUMBER(1*LEFT(S48, 1)), RIGHT(S48,LEN(S48)-SEARCH(" ",S48)),S48) -> Pet Eggs | V48: =ISNUMBER(MATCH(U48,$A$3:$A$18,0)) -> FALSE | AC48: 4 Raid Cards | AE48: =IF(ISNUMBER(1*LEFT(AC48, 1)), RIGHT(AC48,LEN(AC48)-SEARCH(" ",AC48)),AC48) -> Raid Cards | AF48: =ISNUMBER(MATCH(AE48,$A$3:$A$18,0)) -> FALSE
S49: Sand | U49: =IF(ISNUMBER(1*LEFT(S49, 1)), RIGHT(S49,LEN(S49)-SEARCH(" ",S49)),S49) -> Sand | V49: =ISNUMBER(MATCH(U49,$A$3:$A$18,0)) -> TRUE | AC49: 39 Pet Eggs | AE49: =IF(ISNUMBER(1*LEFT(AC49, 1)), RIGHT(AC49,LEN(AC49)-SEARCH(" ",AC49)),AC49) -> Pet Eggs | AF49: =ISNUMBER(MATCH(AE49,$A$3:$A$18,0)) -> FALSE
... S82: 11 Skill Points | U82: =IF(ISNUMBER(1*LEFT(S82, 1)), RIGHT(S82,LEN(S82)-SEARCH(" ",S82)),S82) -> Skill Points | V82: =ISNUMBER(MATCH(U82,$A$3:$A$18,0)) -> FALSE | AC82: 1 Legendary Equipment | AE82: =IF(ISNUMBER(1*LEFT(AC82, 1)), RIGHT(AC82,LEN(AC82)-SEARCH(" ",AC82)),AC82) -> Legendary Equipment | AF82: =ISNUMBER(MATCH(AE82,$A$3:$A$18,0)) -> FALSE
S83: Shadow | U83: =IF(ISNUMBER(1*LEFT(S83, 1)), RIGHT(S83,LEN(S83)-SEARCH(" ",S83)),S83) -> Shadow | V83: =ISNUMBER(MATCH(U83,$A$3:$A$18,0)) -> TRUE | AE83: =IF(ISNUMBER(1*LEFT(AC83, 1)), RIGHT(AC83,LEN(AC83)-SEARCH(" ",AC83)),AC83) -> 0 | AF83: =ISNUMBER(MATCH(AE83,$A$3:$A$18,0)) -> FALSE
S84: 11 Fortune Weapons | U84: =IF(ISNUMBER(1*LEFT(S84, 1)), RIGHT(S84,LEN(S84)-SEARCH(" ",S84)),S84) -> Fortune Weapons | V84: =ISNUMBER(MATCH(U84,$A$3:$A$18,0)) -> FALSE | AE84: =IF(ISNUMBER(1*LEFT(AC84, 1)), RIGHT(AC84,LEN(AC84)-SEARCH(" ",AC84)),AC84) -> 0 | AF84: =ISNUMBER(MATCH(AE84,$A$3:$A$18,0)) -> FALSE
S85: 220 Currency | U85: =IF(ISNUMBER(1*LEFT(S85, 1)), RIGHT(S85,LEN(S85)-SEARCH(" ",S85)),S85) -> Currency | V85: =ISNUMBER(MATCH(U85,$A$3:$A$18,0)) -> FALSE | AE85: =IF(ISNUMBER(1*LEFT(AC85, 1)), RIGHT(AC85,LEN(AC85)-SEARCH(" ",AC85)),AC85) -> 0 | AF85: =ISNUMBER(MATCH(AE85,$A$3:$A$18,0)) -> FALSE
S86: 84 Wildcards | U86: =IF(ISNUMBER(1*LEFT(S86, 1)), RIGHT(S86,LEN(S86)-SEARCH(" ",S86)),S86) -> Wildcards | V86: =ISNUMBER(MATCH(U86,$A$3:$A$18,0)) -> FALSE | AE86: =IF(ISNUMBER(1*LEFT(AC86, 1)), RIGHT(AC86,LEN(AC86)-SEARCH(" ",AC86)),AC86) -> 0 | AF86: =ISNUMBER(MATCH(AE86,$A$3:$A$18,0)) -> FALSE
S87: 2 Fortune Scrolls | U87: =IF(ISNUMBER(1*LEFT(S87, 1)), RIGHT(S87,LEN(S87)-SEARCH(" ",S87)),S87) -> Fortune Scrolls | V87: =ISNUMBER(MATCH(U87,$A$3:$A$18,0)) -> FALSE | AE87: =IF(ISNUMBER(1*LEFT(AC87, 1)), RIGHT(AC87,LEN(AC87)-SEARCH(" ",AC87)),AC87) -> 0 | AF87: =ISNUMBER(MATCH(AE87,$A$3:$A$18,0)) -> FALSE
S88: 336 Currency | U88: =IF(ISNUMBER(1*LEFT(S88, 1)), RIGHT(S88,LEN(S88)-SEARCH(" ",S88)),S88) -> Currency | V88: =ISNUMBER(MATCH(U88,$A$3:$A$18,0)) -> FALSE | AE88: =IF(ISNUMBER(1*LEFT(AC88, 1)), RIGHT(AC88,LEN(AC88)-SEARCH(" ",AC88)),AC88) -> 0 | AF88: =ISNUMBER(MATCH(AE88,$A$3:$A$18,0)) -> FALSE
S89: 1 Legendary Insult | U89: =IF(ISNUMBER(1*LEFT(S89, 1)), RIGHT(S89,LEN(S89)-SEARCH(" ",S89)),S89) -> Legendary Insult | V89: =ISNUMBER(MATCH(U89,$A$3:$A$18,0)) -> FALSE | AE89: =IF(ISNUMBER(1*LEFT(AC89, 1)), RIGHT(AC89,LEN(AC89)-SEARCH(" ",AC89)),AC89) -> 0 | AF89: =ISNUMBER(MATCH(AE89,$A$3:$A$18,0)) -> FALSE
U90: =IF(ISNUMBER(1*LEFT(S90, 1)), RIGHT(S90,LEN(S90)-SEARCH(" ",S90)),S90) -> 0 | V90: =ISNUMBER(MATCH(U90,$A$3:$A$18,0)) -> FALSE | AE90: =IF(ISNUMBER(1*LEFT(AC90, 1)), RIGHT(AC90,LEN(AC90)-SEARCH(" ",AC90)),AC90) -> 0 | AF90: =ISNUMBER(MATCH(AE90,$A$3:$A$18,0)) -> FALSE
U91: =IF(ISNUMBER(1*LEFT(S91, 1)), RIGHT(S91,LEN(S91)-SEARCH(" ",S91)),S91) -> 0 | V91: =ISNUMBER(MATCH(U91,$A$3:$A$18,0)) -> FALSE | AE91: =IF(ISNUMBER(1*LEFT(AC91, 1)), RIGHT(AC91,LEN(AC91)-SEARCH(" ",AC91)),AC91) -> 0 | AF91: =ISNUMBER(MATCH(AE91,$A$3:$A$18,0)) -> FALSE
U92: =IF(ISNUMBER(1*LEFT(S92, 1)), RIGHT(S92,LEN(S92)-SEARCH(" ",S92)),S92) -> 0 | V92: =ISNUMBER(MATCH(U92,$A$3:$A$18,0)) -> FALSE | AE92: =IF(ISNUMBER(1*LEFT(AC92, 1)), RIGHT(AC92,LEN(AC92)-SEARCH(" ",AC92)),AC92) -> 0 | AF92: =ISNUMBER(MATCH(AE92,$A$3:$A$18,0)) -> FALSE
U93: =IF(ISNUMBER(1*LEFT(S93, 1)), RIGHT(S93,LEN(S93)-SEARCH(" ",S93)),S93) -> 0 | V93: =ISNUMBER(MATCH(U93,$A$3:$A$18,0)) -> FALSE | AE93: =IF(ISNUMBER(1*LEFT(AC93, 1)), RIGHT(AC93,LEN(AC93)-SEARCH(" ",AC93)),AC93) -> 0 | AF93: =ISNUMBER(MATCH(AE93,$A$3:$A$18,0)) -> FALSE
U94: =IF(ISNUMBER(1*LEFT(S94, 1)), RIGHT(S94,LEN(S94)-SEARCH(" ",S94)),S94) -> 0 | V94: =ISNUMBER(MATCH(U94,$A$3:$A$18,0)) -> FALSE | AE94: =IF(ISNUMBER(1*LEFT(AC94, 1)), RIGHT(AC94,LEN(AC94)-SEARCH(" ",AC94)),AC94) -> 0 | AF94: =ISNUMBER(MATCH(AE94,$A$3:$A$18,0)) -> FALSE
U95: =IF(ISNUMBER(1*LEFT(S95, 1)), RIGHT(S95,LEN(S95)-SEARCH(" ",S95)),S95) -> 0 | V95: =ISNUMBER(MATCH(U95,$A$3:$A$18,0)) -> FALSE | AE95: =IF(ISNUMBER(1*LEFT(AC95, 1)), RIGHT(AC95,LEN(AC95)-SEARCH(" ",AC95)),AC95) -> 0 | AF95: =ISNUMBER(MATCH(AE95,$A$3:$A$18,0)) -> FALSE
U96: =IF(ISNUMBER(1*LEFT(S96, 1)), RIGHT(S96,LEN(S96)-SEARCH(" ",S96)),S96) -> 0 | V96: =ISNUMBER(MATCH(U96,$A$3:$A$18,0)) -> FALSE | AE96: =IF(ISNUMBER(1*LEFT(AC96, 1)), RIGHT(AC96,LEN(AC96)-SEARCH(" ",AC96)),AC96) -> 0 | AF96: =ISNUMBER(MATCH(AE96,$A$3:$A$18,0)) -> FALSE
U97: =IF(ISNUMBER(1*LEFT(S97, 1)), RIGHT(S97,LEN(S97)-SEARCH(" ",S97)),S97) -> 0 | V97: =ISNUMBER(MATCH(U97,$A$3:$A$18,0)) -> FALSE | AE97: =IF(ISNUMBER(1*LEFT(AC97, 1)), RIGHT(AC97,LEN(AC97)-SEARCH(" ",AC97)),AC97) -> 0 | AF97: =ISNUMBER(MATCH(AE97,$A$3:$A$18,0)) -> FALSE
U98: =IF(ISNUMBER(1*LEFT(S98, 1)), RIGHT(S98,LEN(S98)-SEARCH(" ",S98)),S98) -> 0 | V98: =ISNUMBER(MATCH(U98,$A$3:$A$18,0)) -> FALSE | AE98: =IF(ISNUMBER(1*LEFT(AC98, 1)), RIGHT(AC98,LEN(AC98)-SEARCH(" ",AC98)),AC98) -> 0 | AF98: =ISNUMBER(MATCH(AE98,$A$3:$A$18,0)) -> FALSE
U99: =IF(ISNUMBER(1*LEFT(S99, 1)), RIGHT(S99,LEN(S99)-SEARCH(" ",S99)),S99) -> 0 | V99: =ISNUMBER(MATCH(U99,$A$3:$A$18,0)) -> FALSE | AE99: =IF(ISNUMBER(1*LEFT(AC99, 1)), RIGHT(AC99,LEN(AC99)-SEARCH(" ",AC99)),AC99) -> 0 | AF99: =ISNUMBER(MATCH(AE99,$A$3:$A$18,0)) -> FALSE
U100: =IF(ISNUMBER(1*LEFT(S100, 1)), RIGHT(S100,LEN(S100)-SEARCH(" ",S100)),S100) -> 0 | V100: =ISNUMBER(MATCH(U100,$A$3:$A$18,0)) -> FALSE | AE100: =IF(ISNUMBER(1*LEFT(AC100, 1)), RIGHT(AC100,LEN(AC100)-SEARCH(" ",AC100)),AC100) -> 0 | AF100: =ISNUMBER(MATCH(AE100,$A$3:$A$18,0)) -> FALSE
U101: =IF(ISNUMBER(1*LEFT(S101, 1)), RIGHT(S101,LEN(S101)-SEARCH(" ",S101)),S101) -> 0 | V101: =ISNUMBER(MATCH(U101,$A$3:$A$18,0)) -> FALSE | AE101: =IF(ISNUMBER(1*LEFT(AC101, 1)), RIGHT(AC101,LEN(AC101)-SEARCH(" ",AC101)),AC101) -> 0 | AF101: =ISNUMBER(MATCH(AE101,$A$3:$A$18,0)) -> FALSE
... U127: =IF(ISNUMBER(1*LEFT(S127, 1)), RIGHT(S127,LEN(S127)-SEARCH(" ",S127)),S127) -> 0 | V127: =ISNUMBER(MATCH(U127,$A$3:$A$18,0)) -> FALSE | AE127: =IF(ISNUMBER(1*LEFT(AC127, 1)), RIGHT(AC127,LEN(AC127)-SEARCH(" ",AC127)),AC127) -> 0 | AF127: =ISNUMBER(MATCH(AE127,$A$3:$A$18,0)) -> FALSE

Sheet Output
B2: =_xlfn.TEXTJOIN(",",FALSE,Calculations!A21:Q21) -> ,Poison,Tooth,Steel,Power,Spirit,Feather,Egg,Mushroom,Pepper,Sand,Lightning,Beetle,Flame,Scale,Essence,Shadow
B3: =_xlfn.TEXTJOIN(",",FALSE,Calculations!A22:Q22) -> Poison,1 Pet Eggs,Power,Spirit,Event Equipment ,18 Currency,Egg,1 Skill Points,32 Currency,32 Currency,2 Raid Cards,2 Skill Points,4 Hero Weapons,116 Currency,1 Clan Scrolls,116 Currency,222 Currency
B4: =_xlfn.TEXTJOIN(",",FALSE,Calculations!A23:Q23) -> Tooth,Power,12 Currency,Feather,18 Currency,1 Perks,Event Equipment ,1 Raid Cards,4 Crafting Shards,2 Perks,6 Currency,2 Raid Cards,3 Perks,116 Currency,116 Currency,116 Currency,3 Clan Scrolls
B5: =_xlfn.TEXTJOIN(",",FALSE,Calculations!A24:Q24) -> Steel,Spirit,Feather,12 Currency,6 Raid Cards,1 Event Equipment ,3 Pet Eggs,1 Raid Cards,4 Crafting Shards,Event Equipment ,6 Currency,2 Skill Points,6 Currency,116 currency,116 Currency,116 Currency,232 Currency
B6: =_xlfn.TEXTJOIN(",",FALSE,Calculations!A25:Q25) -> Power,Event Equipment ,18 Currency,6 Raid Cards,2 Event Equipment ,25 Currency,Pepper,2 Hero Weapons,12 Raid Cards,3 Event Equipment ,9 Crafting Shards,16 Wildcards,66 Currency,122 Currency,122 Currency,12 Event Equipment ,3 Clan Scrolls
B7: =_xlfn.TEXTJOIN(",",FALSE,Calculations!A26:Q26) -> Spirit,18 Currency,1 Perks,1 Event Equipment ,25 Currency,25 Currency,Mushroom,38 Currency,38 Currency,Event Equipment ,66 Currency,2 Skill Points,22 Raid Cards,122 Currency,Event Equipment ,8 Hero Weapons,238 Currency
B8: =_xlfn.TEXTJOIN(",",FALSE,Calculations!A27:Q27) -> Feather,Egg,Event Equipment ,3 Pet Eggs,Pepper,Mushroom,25 Currency,6 Pet Eggs,12 Raid Cards,Sand,66 Currency,22 Raid cards,66 Currency,122 Currency,122 Currency,4 Raid Cards,39 Pet Eggs
B9: =_xlfn.TEXTJOIN(",",FALSE,Calculations!A28:Q28) -> Egg,1 Skill Points,1 Raid Cards,1 Raid Cards,2 Hero Weapons,38 Currency,6 Pet Eggs,52 Currency,Legendary Equipment,Beetle,13 Pet Eggs,8 Currency,26 Raid Cards,136 Currency,136 Currency,45 Raid Cards,252 Currency
B10: =_xlfn.TEXTJOIN(",",FALSE,Calculations!A29:Q29) -> Mushroom,32 Currency,4 Crafting Shards,4 Crafting Shards,12 Raid Cards,38 Currency,12 Raid Cards,Legendary Equipment,52 Currency,Lightning,13 Pet Eggs,Legendary Equipment,13 Pet Eggs,136 Currency,22 Pet Eggs,19 Crafting Shards,3 Fortune Scrolls
B11: =_xlfn.TEXTJOIN(",",FALSE,Calculations!A30:Q30) -> Pepper,32 Currency,2 Perks,Event Equipment ,3 Event Equipment ,Event Equipment ,Sand,Beetle,Lightning,52 Currency,3 Skill Points,Essence,11 Crafting Shards,19 Crafting Shards,19 Crafting Shards,19 Crafting Shards,252 Currency
B12: =_xlfn.TEXTJOIN(",",FALSE,Calculations!A31:Q31) -> Sand,2 Raid Cards,6 Currency,6 Currency,9 Crafting Shards,66 Currency,66 Currency,13 Pet Eggs,13 Pet Eggs,3 Skill Points,18 Currency,18 Currency,Flame,8 Fortune Weapons,54 Raid Cards,54 Raid Cards,3 Fortune Scrolls
B13: =_xlfn.TEXTJOIN(",",FALSE,Calculations!A32:Q32) -> Lightning,2 Skill Points,2 Raid Cards,2 Skill Points,16 Wildcards,2 Skill Points,22 Raid cards,8 Currency,Legendary Equipment,Essence,18 Currency,Legendary Equipment,Scale,164 Currency,164 Currency,41 Wildcards,28 Currency
... B18: =_xlfn.TEXTJOIN(",",FALSE,Calculations!A37:Q37) -> Shadow,222 Currency,3 Clan Scrolls,232 Currency,3 Clan Scrolls,238 Currency,39 Pet Eggs,252 Currency,3 Fortune Scrolls,252 Currency,3 Fortune Scrolls,28 Currency,11 Skill Points,84 Wildcards,84 Wildcards,336 Currency,1 Legendary Equipment

Sheet Sheet10
A1: 612 Currency | E1: 8 Fortune Scrolls | G1: 20 Skill Points | H1: 8 Fortune Scrolls | I1: 220 Raid Cards | J1: 652 Currency | K1: 695 Currency | L1: 722 Currency

Sheet ARCHIVE 7.4
A1: TT2 Alchemy Recipe Book
A2: - - - - - - A collection of all Alchemy Ingredients, Recipes, and Rewards - - - - - - by: rawrzcookie - - - - - -
A3: {="Recipes Remaining: " & _xludf.LAMBDA(n,matrix,offset,(n*(n+1)/2)-((n - SUM((COLUMN(matrix)-ROW(matrix)=offset)*IF(matrix<>"",1,0)))+IF(COUNTIF(matrix,"<>")>=(n^2),0,FLOOR(((n^2)-(COUNTIF(matrix,"<>")+(n - SUM((COLUMN(matrix)-ROW(matrix)=offset)*IF(matrix<>"",1,0)))))/2,1))) & "/" & (n*(n+1)/2) & " % Complete: " & ROUND(((n*(n+1)/2)-((n - SUM((COLUMN(matrix)-ROW(matrix)=offset)*IF(matrix<>"",1,0)))+IF(COUNTIF(matrix,"<>")>=(n^2),0,FLOOR(((n^2)-(COUNTIF(matrix,"<>")+(n - SUM((COLUMN(matrix)-ROW(matrix)=offset)*IF(matrix<>"",1,0)))))/2,1))))/(n*(n+1)/2),4) * 100 & "%")(16,C5:R20,(COLUMN() - ROW()))} -> #NAME? | C3: {=TRANSPOSE(A5:A20)} -> Pepper | D3: Berries | E3: Mushroom | F3: Sand | G3: Petal | H3: Acorn | I3: Feather | J3: Shadow | K3: Spirit | L3: Essence | M3: Power | N3: Beetle | O3: Tooth | P3: Flame | Q3: Steel | R3: Scale
C4: {=_xludf.XLOOKUP(C3,Images!$A:$A,Images!$C:$C,"")} -> #NAME? | D4: {=_xludf.XLOOKUP(D3,Images!$A:$A,Images!$C:$C,"")} -> #NAME? | E4: {=_xludf.XLOOKUP(E3,Images!$A:$A,Images!$C:$C,"")} -> #NAME? | F4: {=_xludf.XLOOKUP(F3,Images!$A:$A,Images!$C:$C,"")} -> #NAME? | G4: {=_xludf.XLOOKUP(G3,Images!$A:$A,Images!$C:$C,"")} -> #NAME? | H4: {=_xludf.XLOOKUP(H3,Images!$A:$A,Images!$C:$C,"")} -> #NAME? | I4: {=_xludf.XLOOKUP(I3,Images!$A:$A,Images!$C:$C,"")} -> #NAME? | J4: {=_xludf.XLOOKUP(J3,Images!$A:$A,Images!$C:$C,"")} -> #NAME? | ... R4: {=_xludf.XLOOKUP(R3,Images!$A:$A,Images!$C:$C,"")} -> #NAME?
A5: Pepper | B5: {=_xludf.XLOOKUP(A5,Images!$A:$A,Images!$C:$C,"")} -> #NAME? | C5: 12 Currency | D5: =INDEX($C$5:$R$20, COLUMN()-2, ROW()-4) -> #NAME? | E5: =INDEX($C$5:$R$20, COLUMN()-2, ROW()-4) -> #NAME? | F5: =INDEX($C$5:$R$20, COLUMN()-2, ROW()-4) -> 18 Common Equipment | G5: =INDEX($C$5:$R$20, COLUMN()-2, ROW()-4) -> Event Equipment (Safety Tongs) | H5: =INDEX($C$5:$R$20, COLUMN()-2, ROW()-4) -> 18 Currency | I5: =INDEX($C$5:$R$20, COLUMN()-2, ROW()-4) -> 10 Raid Cards | J5: =INDEX($C$5:$R$20, COLUMN()-2, ROW()-4) -> 5 Eggs | K5: =INDEX($C$5:$R$20, COLUMN()-2, ROW()-4) -> 32 Common Equipment | ... R5: =INDEX($C$5:$R$20, COLUMN()-2, ROW()-4) -> 232 Currency
A6: Berries | B6: {=_xludf.XLOOKUP(A6,Images!$A:$A,Images!$C:$C,"")} -> #NAME? | C6: {=_xludf.XLOOKUP("Sand",Images!$A:$A,Images!$C:$C,"")} -> #NAME? | D6: 12 Currency | E6: =INDEX($C$5:$R$20, COLUMN()-2, ROW()-4) -> #NAME? | F6: =INDEX($C$5:$R$20, COLUMN()-2, ROW()-4) -> 1 Perk | G6: =INDEX($C$5:$R$20, COLUMN()-2, ROW()-4) -> Event Equipment (Hair of Madness) | H6: 6 Raid Cards | I6: =INDEX($C$5:$R$20, COLUMN()-2, ROW()-4) -> 32 Currency | J6: =INDEX($C$5:$R$20, COLUMN()-2, ROW()-4) -> 2 Perks | K6: =INDEX($C$5:$R$20, COLUMN()-2, ROW()-4) -> 4 Crafting Shards | L6: =INDEX($C$5:$R$20, COLUMN()-2, ROW()-4) -> 20 Raid Cards | M6: =INDEX($C$5:$R$20, COLUMN()-2, ROW()-4) -> 3 Perks | N6: =INDEX($C$5:$R$20, COLUMN()-2, ROW()-4) -> 60 Currency | O6: =INDEX($C$5:$R$20, COLUMN()-2, ROW()-4) -> 116 Currency | P6: =INDEX($C$5:$R$20, COLUMN()-2, ROW()-4) -> 116 Currency | ... R6: =INDEX($C$5:$R$20, COLUMN()-2, ROW()-4) -> 232 Currency
A7: Mushroom | B7: {=_xludf.XLOOKUP(A7,Images!$A:$A,Images!$C:$C,"")} -> #NAME? | C7: {=_xludf.XLOOKUP("Petal",Images!$A:$A,Images!$C:$C,"")} -> #NAME? | D7: {=_xludf.XLOOKUP("Acorn",Images!$A:$A,Images!$C:$C,"")} -> #NAME? | E7: 12 Currency | F7: =INDEX($C$5:$R$20, COLUMN()-2, ROW()-4) -> 1 Rare Equipment | G7: =INDEX($C$5:$R$20, COLUMN()-2, ROW()-4) -> Event Equipment (Lab Coat) | H7: =INDEX($C$5:$R$20, COLUMN()-2, ROW()-4) -> 6 Raid Cards | I7: =INDEX($C$5:$R$20, COLUMN()-2, ROW()-4) -> 10 Raid Cards | J7: =INDEX($C$5:$R$20, COLUMN()-2, ROW()-4) -> 5 Eggs | K7: =INDEX($C$5:$R$20, COLUMN()-2, ROW()-4) -> 4 Crafting Shards | L7: =INDEX($C$5:$R$20, COLUMN()-2, ROW()-4) -> 60 Currency | M7: =INDEX($C$5:$R$20, COLUMN()-2, ROW()-4) -> 60 Currency | ... R7: =INDEX($C$5:$R$20, COLUMN()-2, ROW()-4) -> 232 Currency
A8: Sand | B8: {=_xludf.XLOOKUP(A8,Images!$A:$A,Images!$C:$C,"")} -> #NAME? | C8: 18 Common Equipment | D8: 1 Perk | E8: 1 Rare Equipment | F8: 2 Rare Equipment | G8: =INDEX($C$5:$R$20, COLUMN()-2, ROW()-4) -> #NAME? | H8: =INDEX($C$5:$R$20, COLUMN()-2, ROW()-4) -> #NAME? | I8: =INDEX($C$5:$R$20, COLUMN()-2, ROW()-4) -> 12 Raid Cards | J8: =INDEX($C$5:$R$20, COLUMN()-2, ROW()-4) -> 38 Currency | K8: =INDEX($C$5:$R$20, COLUMN()-2, ROW()-4) -> 5 Crafting Shards | L8: =INDEX($C$5:$R$20, COLUMN()-2, ROW()-4) -> 6 Rare Equipment | M8: =INDEX($C$5:$R$20, COLUMN()-2, ROW()-4) -> 66 Currency | N8: =INDEX($C$5:$R$20, COLUMN()-2, ROW()-4) -> 66 Currency | ... R8: =INDEX($C$5:$R$20, COLUMN()-2, ROW()-4) -> 23 Rare Equipment
A9: Petal | B9: {=_xludf.XLOOKUP(A9,Images!$A:$A,Images!$C:$C,"")} -> #NAME? | C9: Event Equipment (Safety Tongs) | D9: Event Equipment (Hair of Madness) | E9: Event Equipment (Lab Coat) | F9: {=_xludf.XLOOKUP("Spirit",Images!$A:$A,Images!$C:$C,"")} -> #NAME? | G9: Event Equipment (Molecularization) | H9: =INDEX($C$5:$R$20, COLUMN()-2, ROW()-4) -> #NAME? | I9: =INDEX($C$5:$R$20, COLUMN()-2, ROW()-4) -> Event Equipment (Master of Elements) | J9: =INDEX($C$5:$R$20, COLUMN()-2, ROW()-4) -> 38 Currency | K9: =INDEX($C$5:$R$20, COLUMN()-2, ROW()-4) -> 38 Currency | L9: =INDEX($C$5:$R$20, COLUMN()-2, ROW()-4) -> 22 Raid Cards | M9: =INDEX($C$5:$R$20, COLUMN()-2, ROW()-4) -> 66 Currency | N9: =INDEX($C$5:$R$20, COLUMN()-2, ROW()-4) -> 2 Skill Points | O9: =INDEX($C$5:$R$20, COLUMN()-2, ROW()-4) -> 8 Hero Weapons | ... R9: =INDEX($C$5:$R$20, COLUMN()-2, ROW()-4) -> 238 Currency
A10: Acorn | B10: {=_xludf.XLOOKUP(A10,Images!$A:$A,Images!$C:$C,"")} -> #NAME? | C10: 18 Currency | D10: 6 Raid Cards | E10: 6 Raid Cards | F10: {=_xludf.XLOOKUP("Feather",Images!$A:$A,Images!$C:$C,"")} -> #NAME? | G10: {=_xludf.XLOOKUP("Shadow",Images!$A:$A,Images!$C:$C,"")} -> #NAME? | H10: 25 Currency | I10: =INDEX($C$5:$R$20, COLUMN()-2, ROW()-4) -> 38 Currency | J10: =INDEX($C$5:$R$20, COLUMN()-2, ROW()-4) -> 6 Pet Eggs | K10: =INDEX($C$5:$R$20, COLUMN()-2, ROW()-4) -> 12 Raid Cards | L10: =INDEX($C$5:$R$20, COLUMN()-2, ROW()-4) -> 22 Raid Cards | M10: =INDEX($C$5:$R$20, COLUMN()-2, ROW()-4) -> 66 Currency | N10: =INDEX($C$5:$R$20, COLUMN()-2, ROW()-4) -> 66 Currency | O10: =INDEX($C$5:$R$20, COLUMN()-2, ROW()-4) -> 40 Raid Cards | P10: =INDEX($C$5:$R$20, COLUMN()-2, ROW()-4) -> 122 Currency | ... R10: =INDEX($C$5:$R$20, COLUMN()-2, ROW()-4) -> 79 Raid Cards
A11: Feather | B11: {=_xludf.XLOOKUP(A11,Images!$A:$A,Images!$C:$C,"")} -> #NAME? | C11: 10 Raid Cards | D11: 32 Currency | E11: 10 Raid Cards | F11: 12 Raid Cards | G11: Event Equipment (Master of Elements) | H11: 38 Currency | I11: 52 Currency | J11: =INDEX($C$5:$R$20, COLUMN()-2, ROW()-4) -> #NAME? | K11: =INDEX($C$5:$R$20, COLUMN()-2, ROW()-4) -> #NAME? | L11: =INDEX($C$5:$R$20, COLUMN()-2, ROW()-4) -> 80 Currency | M11: =INDEX($C$5:$R$20, COLUMN()-2, ROW()-4) -> Legendary Equipment (Timeless Wraps) | N11: =INDEX($C$5:$R$20, COLUMN()-2, ROW()-4) -> 26 Raid Cards | O11: =INDEX($C$5:$R$20, COLUMN()-2, ROW()-4) -> 45 Raid Cards | P11: =INDEX($C$5:$R$20, COLUMN()-2, ROW()-4) -> 136 Currency | Q11: =INDEX($C$5:$R$20, COLUMN()-2, ROW()-4) -> 45 Raid Cards | R11: =INDEX($C$5:$R$20, COLUMN()-2, ROW()-4) -> 84 Raid Cards
A12: Shadow | B12: {=_xludf.XLOOKUP(A12,Images!$A:$A,Images!$C:$C,"")} -> #NAME? | C12: 5 Eggs | D12: 2 Perks | E12: 5 Eggs | F12: 38 Currency | G12: 38 Currency | H12: 6 Pet Eggs | I12: {=_xludf.XLOOKUP("Power",Images!$A:$A,Images!$C:$C,"")} -> #NAME? | J12: 52 Currency | K12: =INDEX($C$5:$R$20, COLUMN()-2, ROW()-4) -> #NAME? | L12: =INDEX($C$5:$R$20, COLUMN()-2, ROW()-4) -> 13 Pet Eggs | M12: =INDEX($C$5:$R$20, COLUMN()-2, ROW()-4) -> Legendary Equipment (Staff of Eternity) | N12: =INDEX($C$5:$R$20, COLUMN()-2, ROW()-4) -> 80 Currency | O12: =INDEX($C$5:$R$20, COLUMN()-2, ROW()-4) -> 6 Fortune Weapons | P12: =INDEX($C$5:$R$20, COLUMN()-2, ROW()-4) -> 34 Wildcards | Q12: =INDEX($C$5:$R$20, COLUMN()-2, ROW()-4) -> 1 Fortune Scroll | R12: =INDEX($C$5:$R$20, COLUMN()-2, ROW()-4) -> 42 Eggs
A13: Spirit | B13: {=_xludf.XLOOKUP(A13,Images!$A:$A,Images!$C:$C,"")} -> #NAME? | C13: 32 Common Equipment | D13: 4 Crafting Shards | E13: 4 Crafting Shards | F13: 5 Crafting Shards | G13: 38 Currency | H13: 12 Raid Cards | I13: {=_xludf.XLOOKUP("Beetle",Images!$A:$A,Images!$C:$C,"")} -> #NAME? | J13: {=_xludf.XLOOKUP("Essence",Images!$A:$A,Images!$C:$C,"")} -> #NAME? | K13: 52 Currency | L13: =INDEX($C$5:$R$20, COLUMN()-2, ROW()-4) -> 26 Raid Cards | M13: =INDEX($C$5:$R$20, COLUMN()-2, ROW()-4) -> Legendary Equipment (Inner Peace) | N13: =INDEX($C$5:$R$20, COLUMN()-2, ROW()-4) -> 3 Skill Points | O13: =INDEX($C$5:$R$20, COLUMN()-2, ROW()-4) -> 19 Crafting Shards | P13: =INDEX($C$5:$R$20, COLUMN()-2, ROW()-4) -> 136 Currency | Q13: =INDEX($C$5:$R$20, COLUMN()-2, ROW()-4) -> 19 Crafting Shards | R13: =INDEX($C$5:$R$20, COLUMN()-2, ROW()-4) -> 36 Crafting Shards
A14: Essence | B14: {=_xludf.XLOOKUP(A14,Images!$A:$A,Images!$C:$C,"")} -> #NAME? | C14: 60 Currency | D14: 20 Raid Cards | E14: 60 Currency | F14: 6 Rare Equipment | G14: 22 Raid Cards | H14: 22 Raid Cards | I14: 80 Currency | J14: 13 Pet Eggs | K14: 26 Raid Cards | L14: 108 Currency | M14: =INDEX($C$5:$R$20, COLUMN()-2, ROW()-4) -> #NAME? | N14: =INDEX($C$5:$R$20, COLUMN()-2, ROW()-4) -> #NAME? | O14: =INDEX($C$5:$R$20, COLUMN()-2, ROW()-4) -> 54 Raid Cards | P14: =INDEX($C$5:$R$20, COLUMN()-2, ROW()-4) -> Avatar + 108 Currency | Q14: =INDEX($C$5:$R$20, COLUMN()-2, ROW()-4) -> 2 Fortune Scrolls | R14: =INDEX($C$5:$R$20, COLUMN()-2, ROW()-4) -> 93 Raid Cards
A15: Power | B15: {=_xludf.XLOOKUP(A15,Images!$A:$A,Images!$C:$C,"")} -> #NAME? | C15: 60 Currency | D15: 3 Perks | E15: 60 Currency | F15: 66 Currency | G15: 66 Currency | H15: 66 Currency | I15: Legendary Equipment (Timeless Wraps) | J15: Legendary Equipment (Staff of Eternity) | K15: Legendary Equipment (Inner Peace) | L15: {=_xludf.XLOOKUP("Steel",Images!$A:$A,Images!$C:$C,"")} -> #NAME? | M15: Legendary Equipment (Magister's Robes) | N15: =INDEX($C$5:$R$20, COLUMN()-2, ROW()-4) -> #NAME? | O15: =INDEX($C$5:$R$20, COLUMN()-2, ROW()-4) -> 164 Currency | P15: =INDEX($C$5:$R$20, COLUMN()-2, ROW()-4) -> 41 Wildcards | Q15: =INDEX($C$5:$R$20, COLUMN()-2, ROW()-4) -> 164 Currency | R15: =INDEX($C$5:$R$20, COLUMN()-2, ROW()-4) -> 280 Currency
A16: Beetle | B16: {=_xludf.XLOOKUP(A16,Images!$A:$A,Images!$C:$C,"")} -> #NAME? | C16: 2 Skill Points | D16: 60 Currency | E16: 2 Skill Points | F16: 66 Currency | G16: 2 Skill Points | H16: 66 Currency | I16: 26 Raid Cards | J16: 80 Currency | K16: 3 Skill Points | L16: {=_xludf.XLOOKUP("Flame",Images!$A:$A,Images!$C:$C,"")} -> #NAME? | M16: {=_xludf.XLOOKUP("Tooth",Images!$A:$A,Images!$C:$C,"")} -> #NAME? | N16: 4 Skill Points | O16: =INDEX($C$5:$R$20, COLUMN()-2, ROW()-4) -> 8 Fortune Weapons | P16: =INDEX($C$5:$R$20, COLUMN()-2, ROW()-4) -> 6 Skill Points | Q16: =INDEX($C$5:$R$20, COLUMN()-2, ROW()-4) -> 2 Fortune Scrolls | R16: =INDEX($C$5:$R$20, COLUMN()-2, ROW()-4) -> 11 Skill Points
A17: Tooth | B17: {=_xludf.XLOOKUP(A17,Images!$A:$A,Images!$C:$C,"")} -> #NAME? | C17: 7 Hero Weapons | D17: 116 Currency | E17: 116 Currency | F17: 122 Currency | G17: 8 Hero Weapons | H17: 40 Raid Cards | I17: 45 Raid Cards | J17: 6 Fortune Weapons | K17: 19 Crafting Shards | L17: 54 Raid Cards | M17: 164 Currency | N17: 8 Fortune Weapons | O17: 220 Currency | P17: =INDEX($C$5:$R$20, COLUMN()-2, ROW()-4) -> 55 Wildcards | Q17: =INDEX($C$5:$R$20, COLUMN()-2, ROW()-4) -> 11 Fortune Weapons | R17: =INDEX($C$5:$R$20, COLUMN()-2, ROW()-4) -> 16 Fortune Weapons
A18: Flame | B18: {=_xludf.XLOOKUP(A18,Images!$A:$A,Images!$C:$C,"")} -> #NAME? | C18: 1 Clan Scroll | D18: 116 Currency | E18: 116 Currency | F18: 30 Wildcards | G18: 122 Currency | H18: 122 Currency | I18: 136 Currency | J18: 34 Wildcards | K18: 136 Currency | L18: Avatar + 108 Currency | M18: 41 Wildcards | N18: 6 Skill Points | O18: 55 Wildcards | P18: 220 Currency | Q18: =INDEX($C$5:$R$20, COLUMN()-2, ROW()-4) -> #NAME? | R18: =INDEX($C$5:$R$20, COLUMN()-2, ROW()-4) -> 84 Wildcards
A19: Steel | B19: {=_xludf.XLOOKUP(A19,Images!$A:$A,Images!$C:$C,"")} -> #NAME? | C19: 1 Clan Scroll | D19: 1 Clan Scroll | E19: 116 Currency | F19: 1 Clan Scroll | G19: 122 Currency | H19: 40 Raid Cards | I19: 45 Raid Cards | J19: 1 Fortune Scroll | K19: 19 Crafting Shards | L19: 2 Fortune Scrolls | M19: 164 Currency | N19: 2 Fortune Scrolls | O19: 11 Fortune Weapons | P19: {=_xludf.XLOOKUP("Scale",Images!$A:$A,Images!$C:$C,"")} -> #NAME? | Q19: 220 Currency | R19: {=INDEX($C$5:$R$20, COLUMN()-2, ROW()-4)} -> 4 Fortune Scrolls
A20: Scale | B20: {=_xludf.XLOOKUP(A20,Images!$A:$A,Images!$C:$C,"")} -> #NAME? | C20: 232 Currency | D20: 232 Currency | E20: 232 Currency | F20: 23 Rare Equipment | G20: 238 Currency | H20: 79 Raid Cards | I20: 84 Raid Cards | J20: 42 Eggs | K20: 36 Crafting Shards | L20: 93 Raid Cards | M20: 280 Currency | N20: 11 Skill Points | O20: 16 Fortune Weapons | P20: 84 Wildcards | Q20: 4 Fortune Scrolls | R20: Unique Equipment (Drunken Hammer's Smash)

Sheet ARCHIVE 6.2 Recipe Matrix
A1: TT2 Alchemy Recipe Book
A2: - - - - - - A collection of all Alchemy Ingredients, Recipes, and Rewards - - - - - - by: rawrzcookie - - - - - -
A3: {="Recipes Remaining: " & _xludf.LAMBDA(n,matrix,offset,(n*(n+1)/2)-((n - SUM((COLUMN(matrix)-ROW(matrix)=offset)*IF(matrix<>"",1,0)))+IF(COUNTIF(matrix,"<>")>=(n^2),0,FLOOR(((n^2)-(COUNTIF(matrix,"<>")+(n - SUM((COLUMN(matrix)-ROW(matrix)=offset)*IF(matrix<>"",1,0)))))/2,1))) & "/" & (n*(n+1)/2) & " % Complete: " & ROUND(((n*(n+1)/2)-((n - SUM((COLUMN(matrix)-ROW(matrix)=offset)*IF(matrix<>"",1,0)))+IF(COUNTIF(matrix,"<>")>=(n^2),0,FLOOR(((n^2)-(COUNTIF(matrix,"<>")+(n - SUM((COLUMN(matrix)-ROW(matrix)=offset)*IF(matrix<>"",1,0)))))/2,1))))/(n*(n+1)/2),4) * 100 & "%")(16,C5:R20,(COLUMN() - ROW()))} -> #NAME? | C3: Acorn | D3: Leaf | E3: Sand | F3: Petal | G3: Steel | H3: Berries | I3: Lightning | J3: Pepper | K3: Scale | L3: Power | M3: Flame | N3: Crystal | O3: Egg | P3: Essence | Q3: Feather | R3: Spirit
C4: {=_xludf.XLOOKUP(C3,Images!$A:$A,Images!$C:$C,"")} -> #NAME? | D4: {=_xludf.XLOOKUP(D3,Images!$A:$A,Images!$C:$C,"")} -> #NAME? | E4: {=_xludf.XLOOKUP(E3,Images!$A:$A,Images!$C:$C,"")} -> #NAME? | F4: {=_xludf.XLOOKUP(F3,Images!$A:$A,Images!$C:$C,"")} -> #NAME? | G4: {=_xludf.XLOOKUP(G3,Images!$A:$A,Images!$C:$C,"")} -> #NAME? | H4: {=_xludf.XLOOKUP(H3,Images!$A:$A,Images!$C:$C,"")} -> #NAME? | I4: {=_xludf.XLOOKUP(I3,Images!$A:$A,Images!$C:$C,"")} -> #NAME? | J4: {=_xludf.XLOOKUP(J3,Images!$A:$A,Images!$C:$C,"")} -> #NAME? | ... R4: {=_xludf.XLOOKUP(R3,Images!$A:$A,Images!$C:$C,"")} -> #NAME?
A5: Acorn | B5: {=_xludf.XLOOKUP(A5,Images!$A:$A,Images!$C:$C,"")} -> #NAME? | C5: {=_xludf.XLOOKUP("Leaf",Images!$A:$A,Images!$C:$C,"")} -> #NAME? | D5: =INDEX($C$5:$R$20, COLUMN()-2, ROW()-4) -> #NAME? | E5: =INDEX($C$5:$R$20, COLUMN()-2, ROW()-4) -> Event Equipment (Safety Tongs) | F5: =INDEX($C$5:$R$20, COLUMN()-2, ROW()-4) -> 12 Currency | G5: =INDEX($C$5:$R$20, COLUMN()-2, ROW()-4) -> 110 Dust | H5: =INDEX($C$5:$R$20, COLUMN()-2, ROW()-4) -> 3 Shards | I5: =INDEX($C$5:$R$20, COLUMN()-2, ROW()-4) -> 12 Raid Cards | J5: =INDEX($C$5:$R$20, COLUMN()-2, ROW()-4) -> 145 Dust | K5: =INDEX($C$5:$R$20, COLUMN()-2, ROW()-4) -> 55 Currency | ... R5: =INDEX($C$5:$R$20, COLUMN()-2, ROW()-4) -> 612 Currency
A6: Leaf | B6: {=_xludf.XLOOKUP(A6,Images!$A:$A,Images!$C:$C,"")} -> #NAME? | C6: {=_xludf.XLOOKUP("Petal",Images!$A:$A,Images!$C:$C,"")} -> #NAME? | D6: {=_xludf.XLOOKUP("Sand",Images!$A:$A,Images!$C:$C,"")} -> #NAME? | E6: =INDEX($C$5:$R$20, COLUMN()-2, ROW()-4) -> #NAME? | F6: =INDEX($C$5:$R$20, COLUMN()-2, ROW()-4) -> #NAME? | G6: =INDEX($C$5:$R$20, COLUMN()-2, ROW()-4) -> x25 Common Equipment | H6: =INDEX($C$5:$R$20, COLUMN()-2, ROW()-4) -> 22 Currency | I6: =INDEX($C$5:$R$20, COLUMN()-2, ROW()-4) -> 38 Currency | J6: =INDEX($C$5:$R$20, COLUMN()-2, ROW()-4) -> 32 Common Equipment | K6: =INDEX($C$5:$R$20, COLUMN()-2, ROW()-4) -> 58 Currency | L6: =INDEX($C$5:$R$20, COLUMN()-2, ROW()-4) -> 49 Currency | ... R6: =INDEX($C$5:$R$20, COLUMN()-2, ROW()-4) -> 8 Fortune Scrolls
A7: Sand | B7: {=_xludf.XLOOKUP(A7,Images!$A:$A,Images!$C:$C,"")} -> #NAME? | C7: Event Equipment (Safety Tongs) | D7: {=_xludf.XLOOKUP("Steel",Images!$A:$A,Images!$C:$C,"")} -> #NAME? | E7: 24 Currency | F7: =INDEX($C$5:$R$20, COLUMN()-2, ROW()-4) -> 21 Currency | G7: =INDEX($C$5:$R$20, COLUMN()-2, ROW()-4) -> #NAME? | H7: =INDEX($C$5:$R$20, COLUMN()-2, ROW()-4) -> 2 Perks | I7: =INDEX($C$5:$R$20, COLUMN()-2, ROW()-4) -> 45 Currency | J7: =INDEX($C$5:$R$20, COLUMN()-2, ROW()-4) -> 38 Currency | K7: =INDEX($C$5:$R$20, COLUMN()-2, ROW()-4) -> 22 Raid Cards | L7: =INDEX($C$5:$R$20, COLUMN()-2, ROW()-4) -> 3 Perks | M7: =INDEX($C$5:$R$20, COLUMN()-2, ROW()-4) -> 99 Currency | ... R7: =INDEX($C$5:$R$20, COLUMN()-2, ROW()-4) -> 621 Currency
A8: Petal | B8: {=_xludf.XLOOKUP(A8,Images!$A:$A,Images!$C:$C,"")} -> #NAME? | C8: 12 Currency | D8: {=_xludf.XLOOKUP("Berries",Images!$A:$A,Images!$C:$C,"")} -> #NAME? | E8: 21 Currency | F8: 19 Currency | G8: =INDEX($C$5:$R$20, COLUMN()-2, ROW()-4) -> Event Equipment (Hair of Madness) | H8: =INDEX($C$5:$R$20, COLUMN()-2, ROW()-4) -> #NAME? | I8: =INDEX($C$5:$R$20, COLUMN()-2, ROW()-4) -> 14 Raid Cards | J8: =INDEX($C$5:$R$20, COLUMN()-2, ROW()-4) -> Event Equipment (Lab Coat) | K8: =INDEX($C$5:$R$20, COLUMN()-2, ROW()-4) -> 9 Shards | L8: =INDEX($C$5:$R$20, COLUMN()-2, ROW()-4) -> 3 Hero Weapons | M8: =INDEX($C$5:$R$20, COLUMN()-2, ROW()-4) -> Event Equipment (Master of Elements) | N8: =INDEX($C$5:$R$20, COLUMN()-2, ROW()-4) -> 613 Dust | ... R8: =INDEX($C$5:$R$20, COLUMN()-2, ROW()-4) -> 618 Currency
A9: Steel | B9: {=_xludf.XLOOKUP(A9,Images!$A:$A,Images!$C:$C,"")} -> #NAME? | C9: 110 Dust | D9: x25 Common Equipment | E9: {=_xludf.XLOOKUP("Lightning",Images!$A:$A,Images!$C:$C,"")} -> #NAME? | F9: Event Equipment (Hair of Madness) | G9: 5 Shards | H9: =INDEX($C$5:$R$20, COLUMN()-2, ROW()-4) -> 1 Skill Point | I9: =INDEX($C$5:$R$20, COLUMN()-2, ROW()-4) -> #NAME? | J9: =INDEX($C$5:$R$20, COLUMN()-2, ROW()-4) -> 6 Shards | K9: =INDEX($C$5:$R$20, COLUMN()-2, ROW()-4) -> 71 Currency | L9: =INDEX($C$5:$R$20, COLUMN()-2, ROW()-4) -> 9 Shards | M9: =INDEX($C$5:$R$20, COLUMN()-2, ROW()-4) -> 15 Shards | N9: =INDEX($C$5:$R$20, COLUMN()-2, ROW()-4) -> 661 Dust | O9: =INDEX($C$5:$R$20, COLUMN()-2, ROW()-4) -> 23 Shards | ... R9: =INDEX($C$5:$R$20, COLUMN()-2, ROW()-4) -> 8 Fortune Scrolls
A10: Berries | B10: {=_xludf.XLOOKUP(A10,Images!$A:$A,Images!$C:$C,"")} -> #NAME? | C10: 3 Shards | D10: 22 Currency | E10: 2 Perks | F10: {=_xludf.XLOOKUP("Pepper",Images!$A:$A,Images!$C:$C,"")} -> #NAME? | G10: 1 Skill Point | H10: 32 Currency | I10: =INDEX($C$5:$R$20, COLUMN()-2, ROW()-4) -> 8 Pet Eggs | J10: =INDEX($C$5:$R$20, COLUMN()-2, ROW()-4) -> #NAME? | K10: =INDEX($C$5:$R$20, COLUMN()-2, ROW()-4) -> 68 Currency | L10: =INDEX($C$5:$R$20, COLUMN()-2, ROW()-4) -> 10 Pet Eggs | M10: =INDEX($C$5:$R$20, COLUMN()-2, ROW()-4) -> 102 Currency | N10: =INDEX($C$5:$R$20, COLUMN()-2, ROW()-4) -> 22 Pet Eggs | O10: =INDEX($C$5:$R$20, COLUMN()-2, ROW()-4) -> 157 Currency | P10: =INDEX($C$5:$R$20, COLUMN()-2, ROW()-4) -> 29 Pet Eggs | ... R10: =INDEX($C$5:$R$20, COLUMN()-2, ROW()-4) -> 104 Pet Eggs
A11: Lightning | B11: {=_xludf.XLOOKUP(A11,Images!$A:$A,Images!$C:$C,"")} -> #NAME? | C11: 12 Raid Cards | D11: 38 Currency | E11: 45 Currency | F11: 14 Raid Cards | G11: {=_xludf.XLOOKUP("scale",Images!$A:$A,Images!$C:$C,"")} -> #NAME? | H11: 8 Pet Eggs | I11: 322 Dust | J11: =INDEX($C$5:$R$20, COLUMN()-2, ROW()-4) -> 58 Currency | K11: =INDEX($C$5:$R$20, COLUMN()-2, ROW()-4) -> #NAME? | L11: =INDEX($C$5:$R$20, COLUMN()-2, ROW()-4) -> 376 Dust | M11: =INDEX($C$5:$R$20, COLUMN()-2, ROW()-4) -> 97 Currency + Avatar | N11: =INDEX($C$5:$R$20, COLUMN()-2, ROW()-4) -> 727 Dust | O11: =INDEX($C$5:$R$20, COLUMN()-2, ROW()-4) -> 173 Currency | P11: =INDEX($C$5:$R$20, COLUMN()-2, ROW()-4) -> 48 Wildcards | Q11: =INDEX($C$5:$R$20, COLUMN()-2, ROW()-4) -> 112 Raid Cards | R11: =INDEX($C$5:$R$20, COLUMN()-2, ROW()-4) -> 3206 Dust
A12: Pepper | B12: {=_xludf.XLOOKUP(A12,Images!$A:$A,Images!$C:$C,"")} -> #NAME? | C12: 145 Dust | D12: 32 Common Equipment | E12: 38 Currency | F12: Event Equipment (Lab Coat) | G12: 6 Shards | H12: {=_xludf.XLOOKUP("Power",Images!$A:$A,Images!$C:$C,"")} -> #NAME? | I12: 58 Currency | J12: 52 Currency | K12: =INDEX($C$5:$R$20, COLUMN()-2, ROW()-4) -> 3 Skill Points | L12: =INDEX($C$5:$R$20, COLUMN()-2, ROW()-4) -> 3 Skill Points | M12: =INDEX($C$5:$R$20, COLUMN()-2, ROW()-4) -> #NAME? | N12: =INDEX($C$5:$R$20, COLUMN()-2, ROW()-4) -> 696 Dust | O12: =INDEX($C$5:$R$20, COLUMN()-2, ROW()-4) -> 7 Skill Points | P12: =INDEX($C$5:$R$20, COLUMN()-2, ROW()-4) -> 184 Currency | Q12: =INDEX($C$5:$R$20, COLUMN()-2, ROW()-4) -> 13 Skill Points | R12: =INDEX($C$5:$R$20, COLUMN()-2, ROW()-4) -> 8 Fortune Scrolls
A13: Scale | B13: {=_xludf.XLOOKUP(A13,Images!$A:$A,Images!$C:$C,"")} -> #NAME? | C13: 55 Currency | D13: 58 Currency | E13: 22 Raid Cards | F13: 9 Shards | G13: 71 Currency | H13: 68 Currency | I13: {=_xludf.XLOOKUP("Flame",Images!$A:$A,Images!$C:$C,"")} -> #NAME? | J13: 3 Skill Points | K13: 104 Currency | L13: =INDEX($C$5:$R$20, COLUMN()-2, ROW()-4) -> 31 Raid Cards | M13: =INDEX($C$5:$R$20, COLUMN()-2, ROW()-4) -> #NAME? | N13: =INDEX($C$5:$R$20, COLUMN()-2, ROW()-4) -> 55 Raid Cards | O13: =INDEX($C$5:$R$20, COLUMN()-2, ROW()-4) -> 193 Currency | P13: =INDEX($C$5:$R$20, COLUMN()-2, ROW()-4) -> 70 Raid Cards | Q13: =INDEX($C$5:$R$20, COLUMN()-2, ROW()-4) -> 355 Currency | R13: =INDEX($C$5:$R$20, COLUMN()-2, ROW()-4) -> 220 Raid Cards
A14: Power | B14: {=_xludf.XLOOKUP(A14,Images!$A:$A,Images!$C:$C,"")} -> #NAME? | C14: 46 Currency | D14: 49 Currency | E14: 3 Perks | F14: 3 Hero Weapons | G14: 9 Shards | H14: 10 Pet Eggs | I14: 376 Dust | J14: 3 Skill Points | K14: 31 Raid Cards | L14: Leg. Equipment (Amazonian Royalty) | M14: =INDEX($C$5:$R$20, COLUMN()-2, ROW()-4) -> 129 Currency | N14: =INDEX($C$5:$R$20, COLUMN()-2, ROW()-4) -> #NAME? | O14: =INDEX($C$5:$R$20, COLUMN()-2, ROW()-4) -> Leg. Equipment (Gunpowder Sparks) | P14: =INDEX($C$5:$R$20, COLUMN()-2, ROW()-4) -> 50 Wildcards | Q14: =INDEX($C$5:$R$20, COLUMN()-2, ROW()-4) -> Legendary (Mad Cap Goggles) | R14: =INDEX($C$5:$R$20, COLUMN()-2, ROW()-4) -> 652 Currency
A15: Flame | B15: {=_xludf.XLOOKUP(A15,Images!$A:$A,Images!$C:$C,"")} -> #NAME? | C15: 89 Currency | D15: 9 Rare Equipment | E15: 99 Currency | F15: Event Equipment (Master of Elements) | G15: 15 Shards | H15: 102 Currency | I15: 97 Currency + Avatar | J15: {=_xludf.XLOOKUP("Crystal",Images!$A:$A,Images!$C:$C,"")} -> #NAME? | K15: {=_xludf.XLOOKUP("Egg",Images!$A:$A,Images!$C:$C,"")} -> #NAME? | L15: 129 Currency | M15: 172 Currency | N15: =INDEX($C$5:$R$20, COLUMN()-2, ROW()-4) -> 998 Dust | O15: =INDEX($C$5:$R$20, COLUMN()-2, ROW()-4) -> 227 Currency | P15: =INDEX($C$5:$R$20, COLUMN()-2, ROW()-4) -> 1222 Dust | Q15: =INDEX($C$5:$R$20, COLUMN()-2, ROW()-4) -> 389 Currency | R15: =INDEX($C$5:$R$20, COLUMN()-2, ROW()-4) -> 695 Currency
A16: Crystal | B16: {=_xludf.XLOOKUP(A16,Images!$A:$A,Images!$C:$C,"")} -> #NAME? | C16: 12 Rare Equipment | D16: 597 Dust | E16: 125 Currency | F16: 613 Dust | G16: 661 Dust | H16: 22 Pet Eggs | I16: 727 Dust | J16: 696 Dust | K16: 55 Raid Cards | L16: {=_xludf.XLOOKUP("Essence",Images!$A:$A,Images!$C:$C,"")} -> #NAME? | M16: 998 Dust | N16: 226 Currency | O16: =INDEX($C$5:$R$20, COLUMN()-2, ROW()-4) -> 13 Fortune Weapons | P16: =INDEX($C$5:$R$20, COLUMN()-2, ROW()-4) -> 271 Currency | Q16: =INDEX($C$5:$R$20, COLUMN()-2, ROW()-4) -> 21 Fortune Weapons | R16: =INDEX($C$5:$R$20, COLUMN()-2, ROW()-4) -> 722 Currency
A17: Egg | B17: {=_xludf.XLOOKUP(A17,Images!$A:$A,Images!$C:$C,"")} -> #NAME? | C17: 36 Wildcards | D17: 37 Wildcards | E17: 10 Perks | F17: Event Equipment (Molecularization) | G17: 23 Shards | H17: 157 Currency | I17: 173 Currency | J17: 7 Skill Points | K17: 193 Currency | L17: Leg. Equipment (Gunpowder Sparks) | M17: 227 Currency | N17: 13 Fortune Weapons | O17: 282 Currency | P17: =INDEX($C$5:$R$20, COLUMN()-2, ROW()-4) -> #NAME? | Q17: =INDEX($C$5:$R$20, COLUMN()-2, ROW()-4) -> 444 Currency | R17: =INDEX($C$5:$R$20, COLUMN()-2, ROW()-4) -> 30 Skill Points
A18: Essence | B18: {=_xludf.XLOOKUP(A18,Images!$A:$A,Images!$C:$C,"")} -> #NAME? | C18: 2 Fortune Scrolls | D18: 164 Currency | E18: 2 Fortune Scrolls | F18: 2 Fortune Scrolls | G18: 177 Currency | H18: 29 Pet Eggs | I18: 48 Wildcards | J18: 184 Currency | K18: 70 Raid Cards | L18: 50 Wildcards | M18: 1222 Dust | N18: 271 Currency | O18: {=_xludf.XLOOKUP("Feather",Images!$A:$A,Images!$C:$C,"")} -> #NAME? | P18: 316 Currency | Q18: =INDEX($C$5:$R$20, COLUMN()-2, ROW()-4) -> 115 Wildcards | R18: =INDEX($C$5:$R$20, COLUMN()-2, ROW()-4) -> 1 Unique Equipment (Helm)
A19: Feather | B19: {=_xludf.XLOOKUP(A19,Images!$A:$A,Images!$C:$C,"")} -> #NAME? | C19: 306 Currency | D19: 309 Currency | E19: 79 Wildcards | F19: Legendary (The Titan Killer) | G19: 46 Shards | H19: 319 Currency | I19: 112 Raid Cards | J19: 13 Skill Points | K19: 355 Currency | L19: Legendary (Mad Cap Goggles) | M19: 389 Currency | N19: 21 Fortune Weapons | O19: 444 Currency | P19: 115 Wildcards | Q19: {=_xludf.XLOOKUP("Spirit",Images!$A:$A,Images!$C:$C,"")} -> #NAME? | R19: {=INDEX($C$5:$R$20, COLUMN()-2, ROW()-4)} -> 228 Wildcards
A20: Spirit | B20: {=_xludf.XLOOKUP(A20,Images!$A:$A,Images!$C:$C,"")} -> #NAME? | C20: 612 Currency | D20: 8 Fortune Scrolls | E20: 621 Currency | F20: 618 Currency | G20: 8 Fortune Scrolls | H20: 104 Pet Eggs | I20: 3206 Dust | J20: 8 Fortune Scrolls | K20: 220 Raid Cards | L20: 652 Currency | M20: 695 Currency | N20: 722 Currency | O20: 30 Skill Points | P20: 1 Unique Equipment (Helm) | Q20: 228 Wildcards | R20: 15 Fortune Scrolls

Sheet (ARCHIVE) 5.29 Recipe Matrix
A1: 5.29 Alchemy Recipe Book
A2: - - - - - - A collection of all Alchemy Ingredients, Recipes, and Rewards - - - - - - by: rawrzcookie - - - - - -
A3: {="Recipes Remaining: " & 136-((16 - SUM((COLUMN(C5:R20)-ROW(C5:R20)=-2)*IF(C5:R20<>"",1,0)))+IF(COUNTIF(C5:R20,"<>")>=256,0,FLOOR((256-(COUNTIF(C5:R20,"<>")+(16 - SUM((COLUMN(C5:R20)-ROW(C5:R20)=-2)*IF(C5:R20<>"",1,0)))))/2,1))) & "/136" & " % Complete: " & ROUND((136-((16 - SUM((COLUMN(C5:R20)-ROW(C5:R20)=-2)*IF(C5:R20<>"",1,0)))+IF(COUNTIF(C5:R20,"<>")>=256,0,FLOOR((256-(COUNTIF(C5:R20,"<>")+(16 - SUM((COLUMN(C5:R20)-ROW(C5:R20)=-2)*IF(C5:R20<>"",1,0)))))/2,1))))/136,4) * 100 & "%"} -> #NAME? | C3: Leaf | D3: Petal | E3: Berries | F3: Water | G3: Poison | H3: Crystal | I3: Mushroom | J3: Flame | K3: Power | L3: Lightning | M3: Essence | N3: Scale | O3: Beetle | P3: Spirit | Q3: Steel | R3: Tooth
C4: {=_xludf.XLOOKUP(C3,Images!$A:$A,Images!$C:$C,"")} -> #NAME? | D4: {=_xludf.XLOOKUP(D3,Images!$A:$A,Images!$C:$C,"")} -> #NAME? | E4: {=_xludf.XLOOKUP(E3,Images!$A:$A,Images!$C:$C,"")} -> #NAME? | F4: {=_xludf.XLOOKUP(F3,Images!$A:$A,Images!$C:$C,"")} -> #NAME? | G4: {=_xludf.XLOOKUP(G3,Images!$A:$A,Images!$C:$C,"")} -> #NAME? | H4: {=_xludf.XLOOKUP(H3,Images!$A:$A,Images!$C:$C,"")} -> #NAME? | I4: {=_xludf.XLOOKUP(I3,Images!$A:$A,Images!$C:$C,"")} -> #NAME? | J4: {=_xludf.XLOOKUP(J3,Images!$A:$A,Images!$C:$C,"")} -> #NAME? | ... R4: {=_xludf.XLOOKUP(R3,Images!$A:$A,Images!$C:$C,"")} -> #NAME?
A5: Leaf | B5: {=_xludf.XLOOKUP(A5,Images!$A:$A,Images!$C:$C,"")} -> #NAME? | C5: {=_xludf.XLOOKUP("Petal",Images!$A:$A,Images!$C:$C,"")} -> #NAME? | D5: Event Equipment (Sword) | E5: 2 Pet Eggs | F5: 2 Perks | G5: 21 Common Equipment | H5: 7 Crafting Shards | I5: 14 Raid Cards | J5: 206 Dust | K5: x8 Rare Equipment | L5: 3 Hero Weapons | M5: 62 Currency | N5: 8 Rare Equipment | O5: 6 Rare Equipment | P5: 126 Currency | Q5: 112 Currency | R5: 126 Currency
A6: Petal | B6: {=_xludf.XLOOKUP(A6,Images!$A:$A,Images!$C:$C,"")} -> #NAME? | C6: Event Equipment (Sword) | D6: {=_xludf.XLOOKUP("Berries",Images!$A:$A,Images!$C:$C,"")} -> #NAME? | E6: {=_xludf.XLOOKUP("Poison",Images!$A:$A,Images!$C:$C,"")} -> #NAME? | F6: Event Equipment (Hat) | G6: Event Equipment (Lab Coat) | H6: {=_xludf.XLOOKUP("Essence",Images!$A:$A,Images!$C:$C,"")} -> #NAME? | I6: Event Equipment (Master of Elements) | J6: Event Equipment (Molecularization) | K6: 84 Currency | L6: 58 Currency | M6: 65 Currency | N6: 436 Dust | O6: 65 Currency | P6: 129 Currency | Q6: Legendary Equipment (Wreathed Curls) | R6: 1 Hero Scroll
A7: Berries | B7: {=_xludf.XLOOKUP(A7,Images!$A:$A,Images!$C:$C,"")} -> #NAME? | C7: 2 Pet Eggs | D7: {=_xludf.XLOOKUP("Poison",Images!$A:$A,Images!$C:$C,"")} -> #NAME? | E7: {=_xludf.XLOOKUP("Water",Images!$A:$A,Images!$C:$C,"")} -> #NAME? | F7: {=_xludf.XLOOKUP("Mushroom",Images!$A:$A,Images!$C:$C,"")} -> #NAME? | G7: x1 Skill Point | H7: 10 Pet Eggs | I7: {=_xludf.XLOOKUP("Lightning",Images!$A:$A,Images!$C:$C,"")} -> #NAME? | J7: 253 Dust | K7: x15 Pet Eggs | L7: 64 Currency | M7: 71 Currency | N7: x15 Pet Eggs | O7: 11 Pet Eggs | P7: 33 Wildcards | Q7: Legendary Equipment (Crackling Sweep) | R7: 22 Pet Eggs
A8: Water | B8: {=_xludf.XLOOKUP(A8,Images!$A:$A,Images!$C:$C,"")} -> #NAME? | C8: 2 Perks | D8: Event Equipment (Hat) | E8: {=_xludf.XLOOKUP("Mushroom",Images!$A:$A,Images!$C:$C,"")} -> #NAME? | F8: {=_xludf.XLOOKUP("Crystal",Images!$A:$A,Images!$C:$C,"")} -> #NAME? | G8: 3 Perks | H8: 76 Currency | I8: 21 Raid Cards | J8: 63 Currency | K8: 6 Perks | L8: 5 Hero Weapons | M8: 5 Perks | N8: 530 Dust | O8: 84 Currency | P8: 9 Perks | Q8: Legendary Equipment (Cinder Grasper) | R8: 9 Perks
A9: Poison | B9: {=_xludf.XLOOKUP(A9,Images!$A:$A,Images!$C:$C,"")} -> #NAME? | C9: 21 Common Equipment | D9: Event Equipment (Lab Coat) | E9: x1 Skill Point | F9: 3 Perks | G9: {=_xludf.XLOOKUP("Flame",Images!$A:$A,Images!$C:$C,"")} -> #NAME? | H9: x3 Skill Points | I9: 57 Currency | J9: {=_xludf.XLOOKUP("Beetle",Images!$A:$A,Images!$C:$C,"")} -> #NAME? | K9: 96 Currency | L9: 70 Currency | M9: x3 Skill Points | N9: 499 Dust | O9: x3 Skill Points | P9: 141 Currency | Q9: 128 Currency | R9: 2 Hero Scrolls
A10: Crystal | B10: {=_xludf.XLOOKUP(A10,Images!$A:$A,Images!$C:$C,"")} -> #NAME? | C10: 7 Crafting Shards | D10: {=_xludf.XLOOKUP("Essence",Images!$A:$A,Images!$C:$C,"")} -> #NAME? | E10: 10 Pet Eggs | F10: 76 Currency | G10: x3 Skill Points | H10: 102 Currency | I10: 29 Raid Cards | J10: 446 Dust | K10: 18 Crafting Shards | L10: 14 Crafting Shards | M10: 16 Crafting Shards | N10: 19 Crafting Shards | O10: 16 Crafting Shards | P10: 25 Crafting Shards | Q10: 160 Currency | R10: 25 Crafting Shards
A11: Mushroom | B11: {=_xludf.XLOOKUP(A11,Images!$A:$A,Images!$C:$C,"")} -> #NAME? | C11: 14 Raid Cards | D11: Event Equipment (Master of Elements) | E11: {=_xludf.XLOOKUP("Lightning",Images!$A:$A,Images!$C:$C,"")} -> #NAME? | F11: 21 Raid Cards | G11: 57 Currency | H11: 29 Raid Cards | I11: {=_xludf.XLOOKUP("Power",Images!$A:$A,Images!$C:$C,"")} -> #NAME? | J11: 76 Currency | K11: {=_xludf.XLOOKUP("Spirit",Images!$A:$A,Images!$C:$C,"")} -> #NAME? | L11: 30 Raid Cards | M11: Event Avatar + 97 Currency | N11: 119 Currency | O11: 96 Currency | P11: 40 Wildcards | Q11: 49 Raid Cards | R11: 161 Currency
A12: Flame | B12: {=_xludf.XLOOKUP(A12,Images!$A:$A,Images!$C:$C,"")} -> #NAME? | C12: 206 Dust | D12: Event Equipment (Molecularization) | E12: 253 Dust | F12: 63 Currency | G12: {=_xludf.XLOOKUP("Beetle",Images!$A:$A,Images!$C:$C,"")} -> #NAME? | H12: 446 Dust | I12: 76 Currency | J12: {=_xludf.XLOOKUP("Scale",Images!$A:$A,Images!$C:$C,"")} -> #NAME? | K12: 116 Currency | L12: 90 Currency | M12: 488 Dust | N12: 596 Dust | O12: 97 Currency | P12: 161 Currency | Q12: 147 Currency | R12: 2 Fortune Scrolls
A13: Power | B13: {=_xludf.XLOOKUP(A13,Images!$A:$A,Images!$C:$C,"")} -> #NAME? | C13: x8 Rare Equipment | D13: 84 Currency | E13: x15 Pet Eggs | F13: 6 Perks | G13: 96 Currency | H13: 18 Crafting Shards | I13: {=_xludf.XLOOKUP("Spirit",Images!$A:$A,Images!$C:$C,"")} -> #NAME? | J13: 116 Currency | K13: 156 Currency | L13: x6 Fortune Weapons | M13: 137 Currency | N13: 159 Currency | O13: 137 Currency | P13: 50 Wildcards | Q13: Legendary Equipment (Blackened Visor) | R13: 201 Currency
A14: Lightning | B14: {=_xludf.XLOOKUP(A14,Images!$A:$A,Images!$C:$C,"")} -> #NAME? | C14: 3 Hero Weapons | D14: 58 Currency | E14: 64 Currency | F14: 5 Hero Weapons | G14: 70 Currency | H14: 14 Crafting Shards | I14: 30 Raid Cards | J14: 90 Currency | K14: x6 Fortune Weapons | L14: {=_xludf.XLOOKUP("Steel",Images!$A:$A,Images!$C:$C,"")} -> #NAME? | M14: 5 Fortune Weapons | N14: 133 Currency | O14: 111 Currency | P14: 43 Wildcards | Q14: 8 Fortune Weapons | R14: 175 Currency
A15: Essence | B15: {=_xludf.XLOOKUP(A15,Images!$A:$A,Images!$C:$C,"")} -> #NAME? | C15: 62 Currency | D15: 65 Currency | E15: 71 Currency | F15: 5 Perks | G15: x3 Skill Points | H15: 16 Crafting Shards | I15: Event Avatar + 97 Currency | J15: 488 Dust | K15: 137 Currency | L15: 5 Fortune Weapons | M15: 118 Currency | N15: 702 Dust | O15: 118 Currency | P15: 45 Wildcards | Q15: 168 Currency | R15: 3 Fortune Scrolls
A16: Scale | B16: {=_xludf.XLOOKUP(A16,Images!$A:$A,Images!$C:$C,"")} -> #NAME? | C16: 8 Rare Equipment | D16: 436 Dust | E16: x15 Pet Eggs | F16: 530 Dust | G16: 499 Dust | H16: 19 Crafting Shards | I16: 119 Currency | J16: 596 Dust | K16: 159 Currency | L16: 133 Currency | M16: 702 Dust | N16: 162 Currency | O16: 702 Dust | P16: 204 Currency | Q16: 190 Currency | R16: 1020 Dust
A17: Beetle | B17: {=_xludf.XLOOKUP(A17,Images!$A:$A,Images!$C:$C,"")} -> #NAME? | C17: 6 Rare Equipment | D17: 65 Currency | E17: 11 Pet Eggs | F17: 84 Currency | G17: x3 Skill Points | H17: 16 Crafting Shards | I17: 96 Currency | J17: 97 Currency | K17: 137 Currency | L17: 111 Currency | M17: 118 Currency | N17: 702 Dust | O17: {=_xludf.XLOOKUP("Tooth",Images!$A:$A,Images!$C:$C,"")} -> #NAME? | P17: 182 Currency | Q17: 168 Currency | R17: 3 Fortune Scrolls
A18: Spirit | B18: {=_xludf.XLOOKUP(A18,Images!$A:$A,Images!$C:$C,"")} -> #NAME? | C18: 126 Currency | D18: 129 Currency | E18: 33 Wildcards | F18: 9 Perks | G18: 141 Currency | H18: 25 Crafting Shards | I18: 40 Wildcards | J18: 161 Currency | K18: 50 Wildcards | L18: 43 Wildcards | M18: 45 Wildcards | N18: 204 Currency | O18: 182 Currency | P18: 246 Currency | Q18: Mythic Equipment (Divine Cleave) | R18: 246 Currency
A19: Steel | B19: {=_xludf.XLOOKUP(A19,Images!$A:$A,Images!$C:$C,"")} -> #NAME? | C19: 112 Currency | D19: Legendary Equipment (Wreathed Curls) | E19: Legendary Equipment (Crackling Sweep) | F19: Legendary Equipment (Cinder Grasper) | G19: 128 Currency | H19: 160 Currency | I19: 49 Raid Cards | J19: 147 Currency | K19: Legendary Equipment (Blackened Visor) | L19: 8 Fortune Weapons | M19: 168 Currency | N19: 190 Currency | O19: 168 Currency | P19: Mythic Equipment (Divine Cleave) | Q19: 218 Currency | R19: 232 Currency
A20: Tooth | B20: {=_xludf.XLOOKUP(A20,Images!$A:$A,Images!$C:$C,"")} -> #NAME? | C20: 126 Currency | D20: 1 Hero Scroll | E20: 22 Pet Eggs | F20: 9 Perks | G20: 2 Hero Scrolls | H20: 25 Crafting Shards | I20: 161 Currency | J20: 2 Fortune Scrolls | K20: 201 Currency | L20: 175 Currency | M20: 3 Fortune Scrolls | N20: 1020 Dust | O20: 3 Fortune Scrolls | P20: 246 Currency | Q20: 232 Currency | R20: 246 Currency

Sheet (ARCHIVE) 6.8 Recipe Matrix
A1: TT2 Alchemy Recipe Book
A2: - - - - - - A collection of all Alchemy Ingredients, Recipes, and Rewards - - - - - - by: rawrzcookie - - - - - -
A3: {="Recipes Remaining: " & _xludf.LAMBDA(n,matrix,offset,(n*(n+1)/2)-((n - SUM((COLUMN(matrix)-ROW(matrix)=offset)*IF(matrix<>"",1,0)))+IF(COUNTIF(matrix,"<>")>=(n^2),0,FLOOR(((n^2)-(COUNTIF(matrix,"<>")+(n - SUM((COLUMN(matrix)-ROW(matrix)=offset)*IF(matrix<>"",1,0)))))/2,1))) & "/" & (n*(n+1)/2) & " % Complete: " & ROUND(((n*(n+1)/2)-((n - SUM((COLUMN(matrix)-ROW(matrix)=offset)*IF(matrix<>"",1,0)))+IF(COUNTIF(matrix,"<>")>=(n^2),0,FLOOR(((n^2)-(COUNTIF(matrix,"<>")+(n - SUM((COLUMN(matrix)-ROW(matrix)=offset)*IF(matrix<>"",1,0)))))/2,1))))/(n*(n+1)/2),4) * 100 & "%")(16,C5:R20,(COLUMN() - ROW()))} -> #NAME? | C3: {=TRANSPOSE(A5:A20)} -> Steel | D3: Sand | E3: Water | F3: Flame | G3: Lightning | H3: Leaf | I3: Scale | J3: Egg | K3: Crystal | L3: Poison | M3: Power | N3: Tooth | O3: Feather | P3: Shadow | Q3: Essence | R3: Spirit
C4: {=_xludf.XLOOKUP(C3,Images!$A:$A,Images!$C:$C,"")} -> #NAME? | D4: {=_xludf.XLOOKUP(D3,Images!$A:$A,Images!$C:$C,"")} -> #NAME? | E4: {=_xludf.XLOOKUP(E3,Images!$A:$A,Images!$C:$C,"")} -> #NAME? | F4: {=_xludf.XLOOKUP(F3,Images!$A:$A,Images!$C:$C,"")} -> #NAME? | G4: {=_xludf.XLOOKUP(G3,Images!$A:$A,Images!$C:$C,"")} -> #NAME? | H4: {=_xludf.XLOOKUP(H3,Images!$A:$A,Images!$C:$C,"")} -> #NAME? | I4: {=_xludf.XLOOKUP(I3,Images!$A:$A,Images!$C:$C,"")} -> #NAME? | J4: {=_xludf.XLOOKUP(J3,Images!$A:$A,Images!$C:$C,"")} -> #NAME? | ... R4: {=_xludf.XLOOKUP(R3,Images!$A:$A,Images!$C:$C,"")} -> #NAME?
A5: Steel | B5: {=_xludf.XLOOKUP(A5,Images!$A:$A,Images!$C:$C,"")} -> #NAME? | C5: 12 Currency | D5: =INDEX($C$5:$R$20, COLUMN()-2, ROW()-4) -> #NAME? | E5: =INDEX($C$5:$R$20, COLUMN()-2, ROW()-4) -> #NAME? | F5: =INDEX($C$5:$R$20, COLUMN()-2, ROW()-4) -> 18 Common Equipment | G5: =INDEX($C$5:$R$20, COLUMN()-2, ROW()-4) -> Event Equipment (Safety Tongs) | H5: =INDEX($C$5:$R$20, COLUMN()-2, ROW()-4) -> 18 Currency | I5: =INDEX($C$5:$R$20, COLUMN()-2, ROW()-4) -> 160 Dust | J5: =INDEX($C$5:$R$20, COLUMN()-2, ROW()-4) -> 5 Pet Eggs | K5: =INDEX($C$5:$R$20, COLUMN()-2, ROW()-4) -> 32 Common Equipment | ... R5: =INDEX($C$5:$R$20, COLUMN()-2, ROW()-4) -> 232 Currency
A6: Sand | B6: {=_xludf.XLOOKUP(A6,Images!$A:$A,Images!$C:$C,"")} -> #NAME? | C6: {=_xludf.XLOOKUP("Flame",Images!$A:$A,Images!$C:$C,"")} -> #NAME? | D6: 12 Currency | E6: =INDEX($C$5:$R$20, COLUMN()-2, ROW()-4) -> #NAME? | F6: =INDEX($C$5:$R$20, COLUMN()-2, ROW()-4) -> 1 Perk | G6: =INDEX($C$5:$R$20, COLUMN()-2, ROW()-4) -> Event Equipment (Hair of Madness) | H6: =INDEX($C$5:$R$20, COLUMN()-2, ROW()-4) -> 6 Raid Cards | I6: =INDEX($C$5:$R$20, COLUMN()-2, ROW()-4) -> 32 Currency | J6: =INDEX($C$5:$R$20, COLUMN()-2, ROW()-4) -> 2 Perks | K6: =INDEX($C$5:$R$20, COLUMN()-2, ROW()-4) -> 4 Crafting Shards | L6: =INDEX($C$5:$R$20, COLUMN()-2, ROW()-4) -> 300 Dust | ... R6: =INDEX($C$5:$R$20, COLUMN()-2, ROW()-4) -> 232 Currency
A7: Water | B7: {=_xludf.XLOOKUP(A7,Images!$A:$A,Images!$C:$C,"")} -> #NAME? | C7: {=_xludf.XLOOKUP("Lightning",Images!$A:$A,Images!$C:$C,"")} -> #NAME? | D7: {=_xludf.XLOOKUP("Leaf",Images!$A:$A,Images!$C:$C,"")} -> #NAME? | E7: 12 Currency | F7: =INDEX($C$5:$R$20, COLUMN()-2, ROW()-4) -> 1 Rare Equipment | G7: =INDEX($C$5:$R$20, COLUMN()-2, ROW()-4) -> Event Equipment (Lab Coat) | H7: =INDEX($C$5:$R$20, COLUMN()-2, ROW()-4) -> 6 Raid Cards | I7: =INDEX($C$5:$R$20, COLUMN()-2, ROW()-4) -> 160 Dust | J7: =INDEX($C$5:$R$20, COLUMN()-2, ROW()-4) -> 5 Pet Eggs | K7: =INDEX($C$5:$R$20, COLUMN()-2, ROW()-4) -> 4 Crafting Shards | L7: =INDEX($C$5:$R$20, COLUMN()-2, ROW()-4) -> 60 Currency | M7: =INDEX($C$5:$R$20, COLUMN()-2, ROW()-4) -> 60 Currency | ... R7: =INDEX($C$5:$R$20, COLUMN()-2, ROW()-4) -> 232 Currency
A8: Flame | B8: {=_xludf.XLOOKUP(A8,Images!$A:$A,Images!$C:$C,"")} -> #NAME? | C8: 18 Common Equipment | D8: 1 Perk | E8: 1 Rare Equipment | F8: 2 Rare Equipment | G8: =INDEX($C$5:$R$20, COLUMN()-2, ROW()-4) -> #NAME? | H8: =INDEX($C$5:$R$20, COLUMN()-2, ROW()-4) -> #NAME? | I8: =INDEX($C$5:$R$20, COLUMN()-2, ROW()-4) -> 193 Dust | J8: =INDEX($C$5:$R$20, COLUMN()-2, ROW()-4) -> 38 Currency | K8: =INDEX($C$5:$R$20, COLUMN()-2, ROW()-4) -> 5 Crafting Shards | L8: =INDEX($C$5:$R$20, COLUMN()-2, ROW()-4) -> 6 Rare Equipment | M8: =INDEX($C$5:$R$20, COLUMN()-2, ROW()-4) -> 66 Currency | N8: =INDEX($C$5:$R$20, COLUMN()-2, ROW()-4) -> 66 Currency | ... R8: =INDEX($C$5:$R$20, COLUMN()-2, ROW()-4) -> 23 Rare Equipment
A9: Lightning | B9: {=_xludf.XLOOKUP(A9,Images!$A:$A,Images!$C:$C,"")} -> #NAME? | C9: Event Equipment (Safety Tongs) | D9: Event Equipment (Hair of Madness) | E9: Event Equipment (Lab Coat) | F9: {=_xludf.XLOOKUP("Crystal",Images!$A:$A,Images!$C:$C,"")} -> #NAME? | G9: Event Equipment (Molecularization) | H9: =INDEX($C$5:$R$20, COLUMN()-2, ROW()-4) -> #NAME? | I9: =INDEX($C$5:$R$20, COLUMN()-2, ROW()-4) -> Event Equipment (Master of Elements) | J9: =INDEX($C$5:$R$20, COLUMN()-2, ROW()-4) -> 38 Currency | K9: =INDEX($C$5:$R$20, COLUMN()-2, ROW()-4) -> 38 Currency | L9: =INDEX($C$5:$R$20, COLUMN()-2, ROW()-4) -> 333 Dust | M9: =INDEX($C$5:$R$20, COLUMN()-2, ROW()-4) -> 66 Currency | N9: =INDEX($C$5:$R$20, COLUMN()-2, ROW()-4) -> 2 Skill Points | O9: =INDEX($C$5:$R$20, COLUMN()-2, ROW()-4) -> 8 Hero Weapons | ... R9: =INDEX($C$5:$R$20, COLUMN()-2, ROW()-4) -> 238 Currency
A10: Leaf | B10: {=_xludf.XLOOKUP(A10,Images!$A:$A,Images!$C:$C,"")} -> #NAME? | C10: 18 Currency | D10: 6 Raid Cards | E10: 6 Raid Cards | F10: {=_xludf.XLOOKUP("Scale",Images!$A:$A,Images!$C:$C,"")} -> #NAME? | G10: {=_xludf.XLOOKUP("Egg",Images!$A:$A,Images!$C:$C,"")} -> #NAME? | H10: 25 Currency | I10: =INDEX($C$5:$R$20, COLUMN()-2, ROW()-4) -> 38 Currency | J10: =INDEX($C$5:$R$20, COLUMN()-2, ROW()-4) -> 6 Pet Eggs | K10: =INDEX($C$5:$R$20, COLUMN()-2, ROW()-4) -> 12 Raid Cards | L10: =INDEX($C$5:$R$20, COLUMN()-2, ROW()-4) -> 22 Raid Cards | M10: =INDEX($C$5:$R$20, COLUMN()-2, ROW()-4) -> 66 Currency | N10: =INDEX($C$5:$R$20, COLUMN()-2, ROW()-4) -> 66 Currency | O10: =INDEX($C$5:$R$20, COLUMN()-2, ROW()-4) -> 40 Raid Cards | P10: =INDEX($C$5:$R$20, COLUMN()-2, ROW()-4) -> 122 Currency | ... R10: =INDEX($C$5:$R$20, COLUMN()-2, ROW()-4) -> 79 Raid Cards
A11: Scale | B11: {=_xludf.XLOOKUP(A11,Images!$A:$A,Images!$C:$C,"")} -> #NAME? | C11: 160 Dust | D11: 32 Currency | E11: 160 Dust | F11: 193 Dust | G11: Event Equipment (Master of Elements) | H11: 38 Currency | I11: 52 Currency | J11: =INDEX($C$5:$R$20, COLUMN()-2, ROW()-4) -> #NAME? | K11: =INDEX($C$5:$R$20, COLUMN()-2, ROW()-4) -> #NAME? | L11: =INDEX($C$5:$R$20, COLUMN()-2, ROW()-4) -> 80 Currency | M11: =INDEX($C$5:$R$20, COLUMN()-2, ROW()-4) -> Legendary Equipment (Utility Belt) | N11: =INDEX($C$5:$R$20, COLUMN()-2, ROW()-4) -> 400 Dust | O11: =INDEX($C$5:$R$20, COLUMN()-2, ROW()-4) -> 680 Dust | P11: =INDEX($C$5:$R$20, COLUMN()-2, ROW()-4) -> 136 Currency | Q11: =INDEX($C$5:$R$20, COLUMN()-2, ROW()-4) -> 680 Dust | R11: =INDEX($C$5:$R$20, COLUMN()-2, ROW()-4) -> 1260 Dust
A12: Egg | B12: {=_xludf.XLOOKUP(A12,Images!$A:$A,Images!$C:$C,"")} -> #NAME? | C12: 5 Pet Eggs | D12: 2 Perks | E12: 5 Pet Eggs | F12: 38 Currency | G12: 38 Currency | H12: 6 Pet Eggs | I12: {=_xludf.XLOOKUP("Power",Images!$A:$A,Images!$C:$C,"")} -> #NAME? | J12: 52 Currency | K12: =INDEX($C$5:$R$20, COLUMN()-2, ROW()-4) -> #NAME? | L12: =INDEX($C$5:$R$20, COLUMN()-2, ROW()-4) -> 13 Pet Eggs | M12: =INDEX($C$5:$R$20, COLUMN()-2, ROW()-4) -> Legendary Equipment (Bazooka) | N12: =INDEX($C$5:$R$20, COLUMN()-2, ROW()-4) -> 80 Currency | O12: =INDEX($C$5:$R$20, COLUMN()-2, ROW()-4) -> 6 Fortune Weapons | P12: =INDEX($C$5:$R$20, COLUMN()-2, ROW()-4) -> 34 Wildcards | Q12: =INDEX($C$5:$R$20, COLUMN()-2, ROW()-4) -> 1 Fortune Scroll | R12: =INDEX($C$5:$R$20, COLUMN()-2, ROW()-4) -> 42 Pet Eggs
A13: Crystal | B13: {=_xludf.XLOOKUP(A13,Images!$A:$A,Images!$C:$C,"")} -> #NAME? | C13: 32 Common Equipment | D13: 4 Crafting Shards | E13: 4 Crafting Shards | F13: 5 Crafting Shards | G13: 38 Currency | H13: 12 Raid Cards | I13: {=_xludf.XLOOKUP("Tooth",Images!$A:$A,Images!$C:$C,"")} -> #NAME? | J13: {=_xludf.XLOOKUP("Poison",Images!$A:$A,Images!$C:$C,"")} -> #NAME? | K13: 52 Currency | L13: =INDEX($C$5:$R$20, COLUMN()-2, ROW()-4) -> 400 Dust | M13: =INDEX($C$5:$R$20, COLUMN()-2, ROW()-4) -> Legendary Equipment (Crazed Bombardment) | N13: =INDEX($C$5:$R$20, COLUMN()-2, ROW()-4) -> 3 Skill Points | O13: =INDEX($C$5:$R$20, COLUMN()-2, ROW()-4) -> 19 Crafting Shards | P13: =INDEX($C$5:$R$20, COLUMN()-2, ROW()-4) -> 136 Currency | Q13: =INDEX($C$5:$R$20, COLUMN()-2, ROW()-4) -> 19 Crafting Shards | R13: =INDEX($C$5:$R$20, COLUMN()-2, ROW()-4) -> 36 Crafting Shards
A14: Poison | B14: {=_xludf.XLOOKUP(A14,Images!$A:$A,Images!$C:$C,"")} -> #NAME? | C14: 60 Currency | D14: 300 Dust | E14: 60 Currency | F14: 6 Rare Equipment | G14: 333 Dust | H14: 22 Raid Cards | I14: 80 Currency | J14: 13 Pet Eggs | K14: 400 Dust | L14: 108 Currency | M14: =INDEX($C$5:$R$20, COLUMN()-2, ROW()-4) -> #NAME? | N14: =INDEX($C$5:$R$20, COLUMN()-2, ROW()-4) -> #NAME? | O14: =INDEX($C$5:$R$20, COLUMN()-2, ROW()-4) -> 820 Dust | P14: =INDEX($C$5:$R$20, COLUMN()-2, ROW()-4) -> Event Avatar | Q14: =INDEX($C$5:$R$20, COLUMN()-2, ROW()-4) -> 2 Fortune Scrolls | R14: =INDEX($C$5:$R$20, COLUMN()-2, ROW()-4) -> 1400 Dust
A15: Power | B15: {=_xludf.XLOOKUP(A15,Images!$A:$A,Images!$C:$C,"")} -> #NAME? | C15: 60 Currency | D15: 3 Perks | E15: 60 Currency | F15: 66 Currency | G15: 66 Currency | H15: 66 Currency | I15: Legendary Equipment (Utility Belt) | J15: Legendary Equipment (Bazooka) | K15: Legendary Equipment (Crazed Bombardment) | L15: {=_xludf.XLOOKUP("Essence",Images!$A:$A,Images!$C:$C,"")} -> #NAME? | M15: Legendary Equipment (Doctor's Cloak) | N15: =INDEX($C$5:$R$20, COLUMN()-2, ROW()-4) -> #NAME? | O15: =INDEX($C$5:$R$20, COLUMN()-2, ROW()-4) -> 164 Currency | P15: =INDEX($C$5:$R$20, COLUMN()-2, ROW()-4) -> 41 Wildcards | Q15: =INDEX($C$5:$R$20, COLUMN()-2, ROW()-4) -> 164 Currency | R15: =INDEX($C$5:$R$20, COLUMN()-2, ROW()-4) -> 280 Currency
A16: Tooth | B16: {=_xludf.XLOOKUP(A16,Images!$A:$A,Images!$C:$C,"")} -> #NAME? | C16: 2 Skill Points | D16: 60 Currency | E16: 2 Skill Points | F16: 66 Currency | G16: 2 Skill Points | H16: 66 Currency | I16: 400 Dust | J16: 80 Currency | K16: 3 Skill Points | L16: {=_xludf.XLOOKUP("Shadow",Images!$A:$A,Images!$C:$C,"")} -> #NAME? | M16: {=_xludf.XLOOKUP("Feather",Images!$A:$A,Images!$C:$C,"")} -> #NAME? | N16: 4 Skill Points | O16: =INDEX($C$5:$R$20, COLUMN()-2, ROW()-4) -> 8 Fortune Weapons | P16: =INDEX($C$5:$R$20, COLUMN()-2, ROW()-4) -> 6 Skill Points | Q16: =INDEX($C$5:$R$20, COLUMN()-2, ROW()-4) -> 2 Fortune Scrolls | R16: =INDEX($C$5:$R$20, COLUMN()-2, ROW()-4) -> 11 Skill Points
A17: Feather | B17: {=_xludf.XLOOKUP(A17,Images!$A:$A,Images!$C:$C,"")} -> #NAME? | C17: 7 Hero Weapons | D17: 116 Currency | E17: 116 Currency | F17: 122 Currency | G17: 8 Hero Weapons | H17: 40 Raid Cards | I17: 680 Dust | J17: 6 Fortune Weapons | K17: 19 Crafting Shards | L17: 820 Dust | M17: 164 Currency | N17: 8 Fortune Weapons | O17: 220 Currency | P17: =INDEX($C$5:$R$20, COLUMN()-2, ROW()-4) -> 55 Wildcards | Q17: =INDEX($C$5:$R$20, COLUMN()-2, ROW()-4) -> 11 Fortune Weapons | R17: =INDEX($C$5:$R$20, COLUMN()-2, ROW()-4) -> 16 Fortune Weapons
A18: Shadow | B18: {=_xludf.XLOOKUP(A18,Images!$A:$A,Images!$C:$C,"")} -> #NAME? | C18: 116 Currency | D18: 116 Currency | E18: 116 Currency | F18: 30 Wild Cards | G18: 122 Currency | H18: 122 Currency | I18: 136 Currency | J18: 34 Wildcards | K18: 136 Currency | L18: Event Avatar | M18: 41 Wildcards | N18: 6 Skill Points | O18: 55 Wildcards | P18: 220 Currency | Q18: =INDEX($C$5:$R$20, COLUMN()-2, ROW()-4) -> #NAME? | R18: =INDEX($C$5:$R$20, COLUMN()-2, ROW()-4) -> 84 Wild Cards
A19: Essence | B19: {=_xludf.XLOOKUP(A19,Images!$A:$A,Images!$C:$C,"")} -> #NAME? | C19: 1 Clan Scroll | D19: 1 Clan Scroll | E19: 116 Currency | F19: 1 Clan Scroll | G19: 123 Currency | H19: 40 Raid Cards | I19: 680 Dust | J19: 1 Fortune Scroll | K19: 19 Crafting Shards | L19: 2 Fortune Scrolls | M19: 164 Currency | N19: 2 Fortune Scrolls | O19: 11 Fortune Weapons | P19: {=_xludf.XLOOKUP("Spirit",Images!$A:$A,Images!$C:$C,"")} -> #NAME? | Q19: 220 Currency | R19: {=INDEX($C$5:$R$20, COLUMN()-2, ROW()-4)} -> 4 Fortune Scrolls
A20: Spirit | B20: {=_xludf.XLOOKUP(A20,Images!$A:$A,Images!$C:$C,"")} -> #NAME? | C20: 232 Currency | D20: 232 Currency | E20: 232 Currency | F20: 23 Rare Equipment | G20: 238 Currency | H20: 79 Raid Cards | I20: 1260 Dust | J20: 42 Pet Eggs | K20: 36 Crafting Shards | L20: 1400 Dust | M20: 280 Currency | N20: 11 Skill Points | O20: 16 Fortune Weapons | P20: 84 Wild Cards | Q20: 4 Fortune Scrolls | R20: Unique Equipment (Rosabelle's Uniform)

Sheet (ARCHIVE) Recipe Matrix 7.0
A1: TT2 Alchemy Recipe Book
A2: - - - - - - A collection of all Alchemy Ingredients, Recipes, and Rewards - - - - - - by: rawrzcookie - - - - - -
A3: {="Recipes Remaining: " & _xludf.LAMBDA(n,matrix,offset,(n*(n+1)/2)-((n - SUM((COLUMN(matrix)-ROW(matrix)=offset)*IF(matrix<>"",1,0)))+IF(COUNTIF(matrix,"<>")>=(n^2),0,FLOOR(((n^2)-(COUNTIF(matrix,"<>")+(n - SUM((COLUMN(matrix)-ROW(matrix)=offset)*IF(matrix<>"",1,0)))))/2,1))) & "/" & (n*(n+1)/2) & " % Complete: " & ROUND(((n*(n+1)/2)-((n - SUM((COLUMN(matrix)-ROW(matrix)=offset)*IF(matrix<>"",1,0)))+IF(COUNTIF(matrix,"<>")>=(n^2),0,FLOOR(((n^2)-(COUNTIF(matrix,"<>")+(n - SUM((COLUMN(matrix)-ROW(matrix)=offset)*IF(matrix<>"",1,0)))))/2,1))))/(n*(n+1)/2),4) * 100 & "%")(16,C5:R20,(COLUMN() - ROW()))} -> #NAME? | C3: {=TRANSPOSE(A5:A20)} -> Leaf | D3: Sand | E3: Flame | F3: Pepper | G3: Steel | H3: Feather | I3: Beetle | J3: Lightning | K3: Scale | L3: Crystal | M3: Tooth | N3: Egg | O3: Shadow | P3: Spirit | Q3: Essence | R3: Power
C4: {=_xludf.XLOOKUP(C3,Images!$A:$A,Images!$C:$C,"")} -> #NAME? | D4: {=_xludf.XLOOKUP(D3,Images!$A:$A,Images!$C:$C,"")} -> #NAME? | E4: {=_xludf.XLOOKUP(E3,Images!$A:$A,Images!$C:$C,"")} -> #NAME? | F4: {=_xludf.XLOOKUP(F3,Images!$A:$A,Images!$C:$C,"")} -> #NAME? | G4: {=_xludf.XLOOKUP(G3,Images!$A:$A,Images!$C:$C,"")} -> #NAME? | H4: {=_xludf.XLOOKUP(H3,Images!$A:$A,Images!$C:$C,"")} -> #NAME? | I4: {=_xludf.XLOOKUP(I3,Images!$A:$A,Images!$C:$C,"")} -> #NAME? | J4: {=_xludf.XLOOKUP(J3,Images!$A:$A,Images!$C:$C,"")} -> #NAME? | ... R4: {=_xludf.XLOOKUP(R3,Images!$A:$A,Images!$C:$C,"")} -> #NAME?
A5: Leaf | B5: {=_xludf.XLOOKUP(A5,Images!$A:$A,Images!$C:$C,"")} -> #NAME? | C5: 28 Currency | D5: =INDEX($C$5:$R$20, COLUMN()-2, ROW()-4) -> #NAME? | E5: =INDEX($C$5:$R$20, COLUMN()-2, ROW()-4) -> 28 Currency | F5: =INDEX($C$5:$R$20, COLUMN()-2, ROW()-4) -> 28 Currency | G5: =INDEX($C$5:$R$20, COLUMN()-2, ROW()-4) -> 1 Perk | H5: =INDEX($C$5:$R$20, COLUMN()-2, ROW()-4) -> 9 Raid Cards | I5: =INDEX($C$5:$R$20, COLUMN()-2, ROW()-4) -> 44 Currency | J5: =INDEX($C$5:$R$20, COLUMN()-2, ROW()-4) -> Event Equipment (Safety Tongs) | K5: =INDEX($C$5:$R$20, COLUMN()-2, ROW()-4) -> 220 Dust | ... R5: =INDEX($C$5:$R$20, COLUMN()-2, ROW()-4) -> 5 Hero Weapons
A6: Sand | B6: {=_xludf.XLOOKUP(A6,Images!$A:$A,Images!$C:$C,"")} -> #NAME? | C6: {=_xludf.XLOOKUP("Beetle",Images!$A:$A,Images!$C:$C,"")} -> #NAME? | D6: 28 Currency | E6: =INDEX($C$5:$R$20, COLUMN()-2, ROW()-4) -> #NAME? | F6: =INDEX($C$5:$R$20, COLUMN()-2, ROW()-4) -> 28 Common Equipment | G6: =INDEX($C$5:$R$20, COLUMN()-2, ROW()-4) -> 28 Common Equipment | H6: =INDEX($C$5:$R$20, COLUMN()-2, ROW()-4) -> 2 Rare Equipment | I6: =INDEX($C$5:$R$20, COLUMN()-2, ROW()-4) -> 44 Currency | J6: =INDEX($C$5:$R$20, COLUMN()-2, ROW()-4) -> Event Equipment (Hair of Madness) | K6: =INDEX($C$5:$R$20, COLUMN()-2, ROW()-4) -> 220 Dust | L6: =INDEX($C$5:$R$20, COLUMN()-2, ROW()-4) -> 6 Shards | ... R6: =INDEX($C$5:$R$20, COLUMN()-2, ROW()-4) -> 7 Rare Equipment
A7: Flame | B7: {=_xludf.XLOOKUP(A7,Images!$A:$A,Images!$C:$C,"")} -> #NAME? | C7: 28 Currency | D7: {=_xludf.XLOOKUP("Lightning",Images!$A:$A,Images!$C:$C,"")} -> #NAME? | E7: 140 Dust | F7: =INDEX($C$5:$R$20, COLUMN()-2, ROW()-4) -> #NAME? | G7: =INDEX($C$5:$R$20, COLUMN()-2, ROW()-4) -> #NAME? | H7: =INDEX($C$5:$R$20, COLUMN()-2, ROW()-4) -> 28 Currency | I7: =INDEX($C$5:$R$20, COLUMN()-2, ROW()-4) -> 220 Dust | J7: =INDEX($C$5:$R$20, COLUMN()-2, ROW()-4) -> Event Equipment (Lab Coat) | K7: =INDEX($C$5:$R$20, COLUMN()-2, ROW()-4) -> 44 Currency | L7: =INDEX($C$5:$R$20, COLUMN()-2, ROW()-4) -> 6 Shards | M7: =INDEX($C$5:$R$20, COLUMN()-2, ROW()-4) -> 1 Skill Point | ... R7: =INDEX($C$5:$R$20, COLUMN()-2, ROW()-4) -> 76 Currency
A8: Pepper | B8: {=_xludf.XLOOKUP(A8,Images!$A:$A,Images!$C:$C,"")} -> #NAME? | C8: 28 Currency | D8: 28 Common Equipment | E8: {=_xludf.XLOOKUP("Scale",Images!$A:$A,Images!$C:$C,"")} -> #NAME? | F8: 28 Currency | G8: =INDEX($C$5:$R$20, COLUMN()-2, ROW()-4) -> #NAME? | H8: =INDEX($C$5:$R$20, COLUMN()-2, ROW()-4) -> 9 Raid Cards | I8: =INDEX($C$5:$R$20, COLUMN()-2, ROW()-4) -> 44 Currency | J8: =INDEX($C$5:$R$20, COLUMN()-2, ROW()-4) -> Event Equipment (Molecularization) | K8: =INDEX($C$5:$R$20, COLUMN()-2, ROW()-4) -> 44 Currency | L8: =INDEX($C$5:$R$20, COLUMN()-2, ROW()-4) -> 6 Shards | M8: =INDEX($C$5:$R$20, COLUMN()-2, ROW()-4) -> 44 Currency | N8: =INDEX($C$5:$R$20, COLUMN()-2, ROW()-4) -> 7 Pet Eggs | ... R8: =INDEX($C$5:$R$20, COLUMN()-2, ROW()-4) -> 76 Currency
A9: Steel | B9: {=_xludf.XLOOKUP(A9,Images!$A:$A,Images!$C:$C,"")} -> #NAME? | C9: 1 Perk | D9: 28 Common Equipment | E9: {=_xludf.XLOOKUP("Crystal",Images!$A:$A,Images!$C:$C,"")} -> #NAME? | F9: {=_xludf.XLOOKUP("Tooth",Images!$A:$A,Images!$C:$C,"")} -> #NAME? | G9: 28 Currency | H9: =INDEX($C$5:$R$20, COLUMN()-2, ROW()-4) -> #NAME? | I9: =INDEX($C$5:$R$20, COLUMN()-2, ROW()-4) -> 2 Perks | J9: =INDEX($C$5:$R$20, COLUMN()-2, ROW()-4) -> Event Equipment (Master of Elements) | K9: =INDEX($C$5:$R$20, COLUMN()-2, ROW()-4) -> 220 Dust | L9: =INDEX($C$5:$R$20, COLUMN()-2, ROW()-4) -> 6 Shards | M9: =INDEX($C$5:$R$20, COLUMN()-2, ROW()-4) -> 1 Skill Point | N9: =INDEX($C$5:$R$20, COLUMN()-2, ROW()-4) -> 44 Currency | O9: =INDEX($C$5:$R$20, COLUMN()-2, ROW()-4) -> 76 Currency | ... R9: =INDEX($C$5:$R$20, COLUMN()-2, ROW()-4) -> 4 Perks
A10: Feather | B10: {=_xludf.XLOOKUP(A10,Images!$A:$A,Images!$C:$C,"")} -> #NAME? | C10: 9 Raid Cards | D10: 2 Rare Equipment | E10: 28 Currency | F10: 9 Raid Cards | G10: {=_xludf.XLOOKUP("Egg",Images!$A:$A,Images!$C:$C,"")} -> #NAME? | H10: 9 Raid Cards | I10: =INDEX($C$5:$R$20, COLUMN()-2, ROW()-4) -> 14 Raid Cards | J10: =INDEX($C$5:$R$20, COLUMN()-2, ROW()-4) -> 44 Currency | K10: =INDEX($C$5:$R$20, COLUMN()-2, ROW()-4) -> 220 Dust | L10: =INDEX($C$5:$R$20, COLUMN()-2, ROW()-4) -> 6 Shards | M10: =INDEX($C$5:$R$20, COLUMN()-2, ROW()-4) -> 14 Raid Cards | N10: =INDEX($C$5:$R$20, COLUMN()-2, ROW()-4) -> 7 Pet Eggs | O10: =INDEX($C$5:$R$20, COLUMN()-2, ROW()-4) -> 76 Currency | P10: =INDEX($C$5:$R$20, COLUMN()-2, ROW()-4) -> 19 Wildcards | ... R10: =INDEX($C$5:$R$20, COLUMN()-2, ROW()-4) -> 5 Hero Weapons
A11: Beetle | B11: {=_xludf.XLOOKUP(A11,Images!$A:$A,Images!$C:$C,"")} -> #NAME? | C11: 44 Currency | D11: 44 Currency | E11: 220 Dust | F11: 44 Currency | G11: 2 Perks | H11: 14 Raid Cards | I11: 60 Currency | J11: =INDEX($C$5:$R$20, COLUMN()-2, ROW()-4) -> Legendary Equipment (Battle Skirt) | K11: =INDEX($C$5:$R$20, COLUMN()-2, ROW()-4) -> Legendary Equipment (Shooting Star) | L11: =INDEX($C$5:$R$20, COLUMN()-2, ROW()-4) -> Unique Equipment (Maple Brush) | M11: =INDEX($C$5:$R$20, COLUMN()-2, ROW()-4) -> #NAME? | N11: =INDEX($C$5:$R$20, COLUMN()-2, ROW()-4) -> Legendary Equipment (Amazonian Royalty) | O11: =INDEX($C$5:$R$20, COLUMN()-2, ROW()-4) -> 92 Currency | P11: =INDEX($C$5:$R$20, COLUMN()-2, ROW()-4) -> 92 Currency | Q11: =INDEX($C$5:$R$20, COLUMN()-2, ROW()-4) -> 92 Currency | R11: =INDEX($C$5:$R$20, COLUMN()-2, ROW()-4) -> 4 Fortune Weapons
A12: Lightning | B12: {=_xludf.XLOOKUP(A12,Images!$A:$A,Images!$C:$C,"")} -> #NAME? | C12: Event Equipment (Safety Tongs) | D12: Event Equipment (Hair of Madness) | E12: Event Equipment (Lab Coat) | F12: Event Equipment (Molecularization) | G12: Event Equipment (Master of Elements) | H12: 44 Currency | I12: Legendary Equipment (Battle Skirt) | J12: 60 Currency | K12: =INDEX($C$5:$R$20, COLUMN()-2, ROW()-4) -> 60 Currency | L12: =INDEX($C$5:$R$20, COLUMN()-2, ROW()-4) -> #NAME? | M12: =INDEX($C$5:$R$20, COLUMN()-2, ROW()-4) -> 2 Skill Points | N12: =INDEX($C$5:$R$20, COLUMN()-2, ROW()-4) -> 10 Eggs | O12: =INDEX($C$5:$R$20, COLUMN()-2, ROW()-4) -> 1 Clan Scroll | P12: =INDEX($C$5:$R$20, COLUMN()-2, ROW()-4) -> 23 Wildcards | Q12: =INDEX($C$5:$R$20, COLUMN()-2, ROW()-4) -> 92 Currency | R12: =INDEX($C$5:$R$20, COLUMN()-2, ROW()-4) -> 92 Currency
A13: Scale | B13: {=_xludf.XLOOKUP(A13,Images!$A:$A,Images!$C:$C,"")} -> #NAME? | C13: 220 Dust | D13: 220 Dust | E13: 44 Currency | F13: 44 Currency | G13: 220 Dust | H13: 220 Dust | I13: Legendary Equipment (Shooting Star) | J13: 60 Currency | K13: 60 Currency | L13: =INDEX($C$5:$R$20, COLUMN()-2, ROW()-4) -> 8 Shards | M13: =INDEX($C$5:$R$20, COLUMN()-2, ROW()-4) -> 300 Dust | N13: =INDEX($C$5:$R$20, COLUMN()-2, ROW()-4) -> 60 Currency | O13: =INDEX($C$5:$R$20, COLUMN()-2, ROW()-4) -> 1 Fortune Scroll | P13: =INDEX($C$5:$R$20, COLUMN()-2, ROW()-4) -> 92 Currency | Q13: =INDEX($C$5:$R$20, COLUMN()-2, ROW()-4) -> 460 Dust | R13: =INDEX($C$5:$R$20, COLUMN()-2, ROW()-4) -> 92 Currency
A14: Crystal | B14: {=_xludf.XLOOKUP(A14,Images!$A:$A,Images!$C:$C,"")} -> #NAME? | C14: 6 Shards | D14: 6 Shards | E14: 6 Shards | F14: 6 Shards | G14: 6 Shards | H14: 6 Shards | I14: Unique Equipment (Maple Brush) | J14: {=_xludf.XLOOKUP("Shadow",Images!$A:$A,Images!$C:$C,"")} -> #NAME? | K14: 8 Shards | L14: 60 Currency | M14: =INDEX($C$5:$R$20, COLUMN()-2, ROW()-4) -> Avatar | N14: =INDEX($C$5:$R$20, COLUMN()-2, ROW()-4) -> #NAME? | O14: =INDEX($C$5:$R$20, COLUMN()-2, ROW()-4) -> 1 Fortune Scroll | P14: =INDEX($C$5:$R$20, COLUMN()-2, ROW()-4) -> 23 Wild Cards | Q14: =INDEX($C$5:$R$20, COLUMN()-2, ROW()-4) -> 13 Shards | R14: =INDEX($C$5:$R$20, COLUMN()-2, ROW()-4) -> 4 Fortune Weapons
A15: Tooth | B15: {=_xludf.XLOOKUP(A15,Images!$A:$A,Images!$C:$C,"")} -> #NAME? | C15: 1 Skill Point | D15: 1 Skill Point | E15: 1 Skill Point | F15: 44 Currency | G15: 1 Skill Point | H15: 14 Raid Cards | I15: {=_xludf.XLOOKUP("Spirit",Images!$A:$A,Images!$C:$C,"")} -> #NAME? | J15: 2 Skill Points | K15: 300 Dust | L15: Avatar | M15: 60 Currency | N15: =INDEX($C$5:$R$20, COLUMN()-2, ROW()-4) -> #NAME? | O15: =INDEX($C$5:$R$20, COLUMN()-2, ROW()-4) -> 92 Currency | P15: =INDEX($C$5:$R$20, COLUMN()-2, ROW()-4) -> 92 Currency | Q15: =INDEX($C$5:$R$20, COLUMN()-2, ROW()-4) -> 3 Skill Points | R15: =INDEX($C$5:$R$20, COLUMN()-2, ROW()-4) -> 4 Fortune Weapons
A16: Egg | B16: {=_xludf.XLOOKUP(A16,Images!$A:$A,Images!$C:$C,"")} -> #NAME? | C16: 44 Currency | D16: 7 Eggs | E16: 220 Dust | F16: 7 Pet Eggs | G16: 44 Currency | H16: 7 Pet Eggs | I16: Legendary Equipment (Amazonian Royalty) | J16: 10 Eggs | K16: 60 Currency | L16: {=_xludf.XLOOKUP("Essence",Images!$A:$A,Images!$C:$C,"")} -> #NAME? | M16: {=_xludf.XLOOKUP("Power",Images!$A:$A,Images!$C:$C,"")} -> #NAME? | N16: 10 Pet Eggs | O16: =INDEX($C$5:$R$20, COLUMN()-2, ROW()-4) -> 1 Fortune Scroll | P16: =INDEX($C$5:$R$20, COLUMN()-2, ROW()-4) -> 92 Currency | Q16: =INDEX($C$5:$R$20, COLUMN()-2, ROW()-4) -> 15 Pet Eggs | R16: =INDEX($C$5:$R$20, COLUMN()-2, ROW()-4) -> 92 Currency
A17: Shadow | B17: {=_xludf.XLOOKUP(A17,Images!$A:$A,Images!$C:$C,"")} -> #NAME? | C17: 76 Currency | D17: 76 Currency | E17: 1 Clan Scroll | F17: 1 Clan Scroll | G17: 76 Currency | H17: 76 Currency | I17: 92 Currency | J17: 1 Clan Scroll | K17: 1 Fortune Scroll | L17: 1 Fortune Scroll | M17: 92 Currency | N17: 1 Fortune Scroll | O17: 124 Currency | P17: =INDEX($C$5:$R$20, COLUMN()-2, ROW()-4) -> 31 Wildcards | Q17: =INDEX($C$5:$R$20, COLUMN()-2, ROW()-4) -> Unique Equipment (Maple Brush) | R17: =INDEX($C$5:$R$20, COLUMN()-2, ROW()-4) -> 1 Fortune Scroll
A18: Spirit | B18: {=_xludf.XLOOKUP(A18,Images!$A:$A,Images!$C:$C,"")} -> #NAME? | C18: 76 Currency | D18: 19 Wildcards | E18: 76 Currency | F18: 19 Wildcards | G18: 4 Perks | H18: 19 Wildcards | I18: 92 Currency | J18: 23 Wildcards | K18: 92 Currency | L18: 23 Wild Cards | M18: 92 Currency | N18: 92 Currency | O18: 31 Wildcards | P18: 124 Currency | Q18: =INDEX($C$5:$R$20, COLUMN()-2, ROW()-4) -> 124 Currency | R18: =INDEX($C$5:$R$20, COLUMN()-2, ROW()-4) -> 124 Currency
A19: Essence | B19: {=_xludf.XLOOKUP(A19,Images!$A:$A,Images!$C:$C,"")} -> #NAME? | C19: 76 Currency | D19: 76 Currency | E19: 380 Dust | F19: 76 Currency | G19: 76 Currency | H19: 25 Raid Cards | I19: 92 Currency | J19: 92 Currency | K19: 460 Dust | L19: 13 Shards | M19: 3 Skill Points | N19: 15 Pet Eggs | O19: Unique Equipment (Maple Brush) | P19: 124 Currency | Q19: 124 Currency | R19: {=INDEX($C$5:$R$20, COLUMN()-2, ROW()-4)} -> 124 Currency
A20: Power | B20: {=_xludf.XLOOKUP(A20,Images!$A:$A,Images!$C:$C,"")} -> #NAME? | C20: 5 Hero Weapons | D20: 7 Rare Equipment | E20: 76 Currency | F20: 76 Currency | G20: 4 Perks | H20: 5 Hero Weapons | I20: 4 Fortune Weapons | J20: 92 Currency | K20: 92 Currency | L20: 4 Fortune Weapons | M20: 4 Fortune Weapons | N20: 92 Currency | O20: 1 Fortune Scroll | P20: 124 Currency | Q20: 124 Currency | R20: 6 Fortune Weapon

Sheet 5.29 Recipe Matrix (Unsorted)
A1: 5.29 Alchemy Recipe Book
A2: - - - - - - A collection of all Alchemy Ingredients, Recipes, and Rewards - - - - - - by: rawrzcookie - - - - - -
A3: {="Recipes Remaining: " & 136-((16 - SUM((COLUMN(C5:R20)-ROW(C5:R20)=-2)*IF(C5:R20<>"",1,0)))+IF(COUNTIF(C5:R20,"<>")>=256,0,FLOOR((256-(COUNTIF(C5:R20,"<>")+(16 - SUM((COLUMN(C5:R20)-ROW(C5:R20)=-2)*IF(C5:R20<>"",1,0)))))/2,1))) & "/136" & " % Complete: " & ROUND((136-((16 - SUM((COLUMN(C5:R20)-ROW(C5:R20)=-2)*IF(C5:R20<>"",1,0)))+IF(COUNTIF(C5:R20,"<>")>=256,0,FLOOR((256-(COUNTIF(C5:R20,"<>")+(16 - SUM((COLUMN(C5:R20)-ROW(C5:R20)=-2)*IF(C5:R20<>"",1,0)))))/2,1))))/136,4) * 100 & "%"} -> #NAME? | C3: Leaf | D3: Petal | E3: Berries | F3: Poison | G3: Water | H3: Mushroom | I3: Flame | J3: Crystal | K3: Lightning | L3: Essence | M3: Beetle | N3: Scale | O3: Power | P3: Steel | Q3: Tooth | R3: Spirit
C4: {=_xludf.XLOOKUP(C3,Images!$A:$A,Images!$C:$C,"")} -> #NAME? | D4: {=_xludf.XLOOKUP(D3,Images!$A:$A,Images!$C:$C,"")} -> #NAME? | E4: {=_xludf.XLOOKUP(E3,Images!$A:$A,Images!$C:$C,"")} -> #NAME? | F4: {=_xludf.XLOOKUP(F3,Images!$A:$A,Images!$C:$C,"")} -> #NAME? | G4: {=_xludf.XLOOKUP(G3,Images!$A:$A,Images!$C:$C,"")} -> #NAME? | H4: {=_xludf.XLOOKUP(H3,Images!$A:$A,Images!$C:$C,"")} -> #NAME? | I4: {=_xludf.XLOOKUP(I3,Images!$A:$A,Images!$C:$C,"")} -> #NAME? | J4: {=_xludf.XLOOKUP(J3,Images!$A:$A,Images!$C:$C,"")} -> #NAME? | ... R4: {=_xludf.XLOOKUP(R3,Images!$A:$A,Images!$C:$C,"")} -> #NAME?
A5: Leaf | B5: {=_xludf.XLOOKUP(A5,Images!$A:$A,Images!$C:$C,"")} -> #NAME? | C5: {=_xludf.XLOOKUP("Petal",Images!$A:$A,Images!$C:$C,"")} -> #NAME? | D5: Event Equipment (Sword) | E5: 2 Pet Eggs | F5: 21 Common Equipment | G5: 2 Perks | H5: 14 Raid Cards | I5: 206 Dust | J5: 7 Crafting Shards | K5: 3 Hero Weapons | L5: 62 Currency | M5: 6 Rare Equipment | N5: 8 Rare Equipment | O5: x8 Rare Equipment | P5: 112 Currency | Q5: 126 Currency | R5: 126 Currency
A6: Petal | B6: {=_xludf.XLOOKUP(A6,Images!$A:$A,Images!$C:$C,"")} -> #NAME? | C6: Event Equipment (Sword) | D6: {=_xludf.XLOOKUP("Berries",Images!$A:$A,Images!$C:$C,"")} -> #NAME? | E6: {=_xludf.XLOOKUP("Poison",Images!$A:$A,Images!$C:$C,"")} -> #NAME? | F6: Event Equipment (Lab Coat) | G6: Event Equipment (Hat) | H6: Event Equipment (Aura) | I6: Event Equipment (Molecularization) | J6: {=_xludf.XLOOKUP("Essence",Images!$A:$A,Images!$C:$C,"")} -> #NAME? | K6: 58 Currency | L6: 65 Currency | M6: 65 Currency | N6: 436 Dust | O6: 84 Currency | P6: Legendary Equipment (Wreathed Curls) | Q6: 1 Hero Scroll | R6: 129 Currency
A7: Berries | B7: {=_xludf.XLOOKUP(A7,Images!$A:$A,Images!$C:$C,"")} -> #NAME? | C7: 2 Pet Eggs | D7: {=_xludf.XLOOKUP("Poison",Images!$A:$A,Images!$C:$C,"")} -> #NAME? | E7: {=_xludf.XLOOKUP("Water",Images!$A:$A,Images!$C:$C,"")} -> #NAME? | F7: x1 Skill Point | G7: {=_xludf.XLOOKUP("Mushroom",Images!$A:$A,Images!$C:$C,"")} -> #NAME? | H7: {=_xludf.XLOOKUP("Lightning",Images!$A:$A,Images!$C:$C,"")} -> #NAME? | I7: 253 Dust | J7: 10 Pet Eggs | K7: 64 Currency | L7: 71 Currency | M7: 11 Pet Eggs | N7: x15 Pet Eggs | O7: x15 Pet Eggs | P7: Legendary Equipment (Crackling Sweep) | Q7: 22 Pet Eggs | R7: 33 Wildcards
A8: Poison | B8: {=_xludf.XLOOKUP(A8,Images!$A:$A,Images!$C:$C,"")} -> #NAME? | C8: 21 Common Equipment | D8: Event Equipment (Lab Coat) | E8: x1 Skill Point | F8: {=_xludf.XLOOKUP("Flame",Images!$A:$A,Images!$C:$C,"")} -> #NAME? | G8: 3 Perks | H8: 57 Currency | I8: {=_xludf.XLOOKUP("Beetle",Images!$A:$A,Images!$C:$C,"")} -> #NAME? | J8: x3 Skill Points | K8: 70 Currency | L8: x3 Skill Points | M8: x3 Skill Points | N8: 499 Dust | O8: 96 Currency | P8: 128 Currency | Q8: 2 Hero Scrolls | R8: 141 Currency
A9: Water | B9: {=_xludf.XLOOKUP(A9,Images!$A:$A,Images!$C:$C,"")} -> #NAME? | C9: 2 Perks | D9: Event Equipment (Hat) | E9: {=_xludf.XLOOKUP("Mushroom",Images!$A:$A,Images!$C:$C,"")} -> #NAME? | F9: 3 Perks | G9: {=_xludf.XLOOKUP("Crystal",Images!$A:$A,Images!$C:$C,"")} -> #NAME? | H9: 21 Raid Cards | I9: 63 Currency | J9: 76 Currency | K9: 5 Hero Weapons | L9: 5 Perks | M9: 84 Currency | N9: 530 Dust | O9: 6 Perks | P9: Legendary Equipment (Cinder Grasper) | Q9: 9 Perks | R9: 9 Perks
A10: Mushroom | B10: {=_xludf.XLOOKUP(A10,Images!$A:$A,Images!$C:$C,"")} -> #NAME? | C10: 14 Raid Cards | D10: Event Equipment (Master of Elements) | E10: {=_xludf.XLOOKUP("Lightning",Images!$A:$A,Images!$C:$C,"")} -> #NAME? | F10: 57 Currency | G10: 21 Raid Cards | H10: {=_xludf.XLOOKUP("Power",Images!$A:$A,Images!$C:$C,"")} -> #NAME? | I10: 76 Currency | J10: 29 Raid Cards | K10: 30 Raid Cards | L10: Event Avatar | M10: 96 Currency | N10: 119 Currency | O10: {=_xludf.XLOOKUP("Spirit",Images!$A:$A,Images!$C:$C,"")} -> #NAME? | P10: 49 Raid Cards | Q10: 161 Currency | R10: 40 Wildcards
A11: Flame | B11: {=_xludf.XLOOKUP(A11,Images!$A:$A,Images!$C:$C,"")} -> #NAME? | C11: 206 Dust | D11: Event Equipment (Molecularization) | E11: 253 Dust | F11: {=_xludf.XLOOKUP("Beetle",Images!$A:$A,Images!$C:$C,"")} -> #NAME? | G11: 63 Currency | H11: 76 Currency | I11: {=_xludf.XLOOKUP("Scale",Images!$A:$A,Images!$C:$C,"")} -> #NAME? | J11: 446 Dust | K11: 90 Currency | L11: 488 Dust | M11: 97 Currency | N11: 596 Dust | O11: 116 Currency | P11: 147 Currency | Q11: 2 Fortune Scrolls | R11: 161 Currency
A12: Crystal | B12: {=_xludf.XLOOKUP(A12,Images!$A:$A,Images!$C:$C,"")} -> #NAME? | C12: 7 Crafting Shards | D12: {=_xludf.XLOOKUP("Essence",Images!$A:$A,Images!$C:$C,"")} -> #NAME? | E12: 10 Pet Eggs | F12: x3 Skill Points | G12: 76 Currency | H12: 29 Raid Cards | I12: 446 Dust | J12: 102 Currency | K12: 14 Crafting Shards | L12: 16 Crafting Shards | M12: 16 Crafting Shards | N12: 19 Crafting Shards | O12: 18 Crafting Shards | P12: 160 Currency | Q12: 25 Crafting Shards | R12: 25 Crafting Shards
A13: Lightning | B13: {=_xludf.XLOOKUP(A13,Images!$A:$A,Images!$C:$C,"")} -> #NAME? | C13: 3 Hero Weapons | D13: 58 Currency | E13: 64 Currency | F13: 70 Currency | G13: 5 Hero Weapons | H13: 30 Raid Cards | I13: 90 Currency | J13: 14 Crafting Shards | K13: {=_xludf.XLOOKUP("Steel",Images!$A:$A,Images!$C:$C,"")} -> #NAME? | L13: 5 Fortune Weapons | M13: 111 Currency | N13: 133 Currency | O13: x6 Fortune Weapons | P13: 8 Fortune Weapons | Q13: 175 Currency | R13: 43 Wildcards
A14: Essence | B14: {=_xludf.XLOOKUP(A14,Images!$A:$A,Images!$C:$C,"")} -> #NAME? | C14: 62 Currency | D14: 65 Currency | E14: 71 Currency | F14: x3 Skill Points | G14: 5 Perks | H14: Event Avatar | I14: 488 Dust | J14: 16 Crafting Shards | K14: 5 Fortune Weapons | L14: 118 Currency | M14: 118 Currency | N14: 702 Dust | O14: 137 Currency | P14: 168 Currency | Q14: 3 Fortune Scrolls | R14: 45 Wildcards
A15: Beetle | B15: {=_xludf.XLOOKUP(A15,Images!$A:$A,Images!$C:$C,"")} -> #NAME? | C15: 6 Rare Equipment | D15: 65 Currency | E15: 11 Pet Eggs | F15: x3 Skill Points | G15: 84 Currency | H15: 96 Currency | I15: 97 Currency | J15: 16 Crafting Shards | K15: 111 Currency | L15: 118 Currency | M15: {=_xludf.XLOOKUP("Tooth",Images!$A:$A,Images!$C:$C,"")} -> #NAME? | N15: 702 Dust | O15: 137 Currency | P15: 168 Currency | Q15: 3 Fortune Scrolls | R15: 182 Currency
A16: Scale | B16: {=_xludf.XLOOKUP(A16,Images!$A:$A,Images!$C:$C,"")} -> #NAME? | C16: 8 Rare Equipment | D16: 436 Dust | E16: x15 Pet Eggs | F16: 499 Dust | G16: 530 Dust | H16: 119 Currency | I16: 596 Dust | J16: 19 Crafting Shards | K16: 133 Currency | L16: 702 Dust | M16: 702 Dust | N16: 162 Currency | O16: 159 Currency | P16: 190 Currency | Q16: 1020 Dust | R16: 204 Currency
A17: Power | B17: {=_xludf.XLOOKUP(A17,Images!$A:$A,Images!$C:$C,"")} -> #NAME? | C17: x8 Rare Equipment | D17: 84 Currency | E17: x15 Pet Eggs | F17: 96 Currency | G17: 6 Perks | H17: {=_xludf.XLOOKUP("Spirit",Images!$A:$A,Images!$C:$C,"")} -> #NAME? | I17: 116 Currency | J17: 18 Crafting Shards | K17: x6 Fortune Weapons | L17: 137 Currency | M17: 137 Currency | N17: 159 Currency | O17: 156 Currency | P17: Legendary Equipment (Blackened Visor) | Q17: 201 Currency | R17: 50 Wildcards
A18: Steel | B18: {=_xludf.XLOOKUP(A18,Images!$A:$A,Images!$C:$C,"")} -> #NAME? | C18: 112 Currency | D18: Legendary Equipment (Wreathed Curls) | E18: Legendary Equipment (Crackling Sweep) | F18: 128 Currency | G18: Legendary Equipment (Cinder Grasper) | H18: 49 Raid Cards | I18: 147 Currency | J18: 160 Currency | K18: 8 Fortune Weapons | L18: 168 Currency | M18: 168 Currency | N18: 190 Currency | O18: Legendary Equipment (Blackened Visor) | P18: 218 Currency | Q18: 232 Currency | R18: Mythic Equipment (Divine Cleave)
A19: Tooth | B19: {=_xludf.XLOOKUP(A19,Images!$A:$A,Images!$C:$C,"")} -> #NAME? | C19: 126 Currency | D19: 1 Hero Scroll | E19: 22 Pet Eggs | F19: 2 Hero Scrolls | G19: 9 Perks | H19: 161 Currency | I19: 2 Fortune Scrolls | J19: 25 Crafting Shards | K19: 175 Currency | L19: 3 Fortune Scrolls | M19: 3 Fortune Scrolls | N19: 1020 Dust | O19: 201 Currency | P19: 232 Currency | Q19: 246 Currency | R19: 246 Currency
A20: Spirit | B20: {=_xludf.XLOOKUP(A20,Images!$A:$A,Images!$C:$C,"")} -> #NAME? | C20: 126 Currency | D20: 129 Currency | E20: 33 Wildcards | F20: 141 Currency | G20: 9 Perks | H20: 40 Wildcards | I20: 161 Currency | J20: 25 Crafting Shards | K20: 43 Wildcards | L20: 45 Wildcards | M20: 182 Currency | N20: 204 Currency | O20: 50 Wildcards | P20: Mythic Equipment (Divine Cleave) | Q20: 246 Currency | R20: 246 Currency

Sheet 5.29 Recipe Book
B2: 5.29 Alchemy Recipe Book
B3: - - - - - - A collection of all Alchemy Ingredients, Recipes, and Rewards - - - - - - by: rawrzcookie - - - - - -
B4: Recipe Directory (hyperlinks) | L4: Ingredient Recipes | R4: Recipe Directory (hyperlinks)
B5: =IFERROR(IF('Ingredient List'!B3="","",HYPERLINK("https://docs.google.com/spreadsheets/d/1o95Ipwx6NIyFV3LCz9LGNbH9_WELHF-pbpkM31YwXyY/edit#gid=0&range=B" & 'Ingredient List'!K3,VLOOKUP('Ingredient List'!B3,Images!$A:$C,3,FALSE))),'Ingredient List'!B3) | D5: =IFERROR(IF('Ingredient List'!D3="","",HYPERLINK("https://docs.google.com/spreadsheets/d/1o95Ipwx6NIyFV3LCz9LGNbH9_WELHF-pbpkM31YwXyY/edit#gid=0&range=B" & 'Ingredient List'!M3,VLOOKUP('Ingredient List'!D3,Images!$A:$C,3,FALSE))),'Ingredient List'!D3) | F5: =IFERROR(IF('Ingredient List'!F3="","",HYPERLINK("https://docs.google.com/spreadsheets/d/1o95Ipwx6NIyFV3LCz9LGNbH9_WELHF-pbpkM31YwXyY/edit#gid=0&range=B" & 'Ingredient List'!O3,VLOOKUP('Ingredient List'!F3,Images!$A:$C,3,FALSE))),'Ingredient List'!F3) | H5: =IFERROR(IF('Ingredient List'!H3="","",HYPERLINK("https://docs.google.com/spreadsheets/d/1o95Ipwx6NIyFV3LCz9LGNbH9_WELHF-pbpkM31YwXyY/edit#gid=0&range=B" & 'Ingredient List'!Q3,VLOOKUP('Ingredient List'!H3,Images!$A:$C,3,FALSE))),'Ingredient List'!H3) | L5: =IFERROR(VLOOKUP("Leaf",Images!$A:$C,3,FALSE),R12) -> Leaf | M5: + | N5: =IFERROR(VLOOKUP("Sand",Images!$A:$C,3,FALSE),T12) -> + | O5: = | P5: =IFERROR(VLOOKUP("Water",Images!$A:$C,3,FALSE),V12) -> 0 | R5: =IF('Ingredient List'!B3="","",HYPERLINK("https://docs.google.com/spreadsheets/d/1o95Ipwx6NIyFV3LCz9LGNbH9_WELHF-pbpkM31YwXyY/edit#gid=0&range=B" & 'Ingredient List'!K3,'Ingredient List'!B3)) -> Leaf | T5: =IF('Ingredient List'!D3="","",HYPERLINK("https://docs.google.com/spreadsheets/d/1o95Ipwx6NIyFV3LCz9LGNbH9_WELHF-pbpkM31YwXyY/edit#gid=0&range=B" & 'Ingredient List'!M3,'Ingredient List'!D3)) -> Sand | V5: =IF('Ingredient List'!F3="","",HYPERLINK("https://docs.google.com/spreadsheets/d/1o95Ipwx6NIyFV3LCz9LGNbH9_WELHF-pbpkM31YwXyY/edit#gid=0&range=B" & 'Ingredient List'!O3,'Ingredient List'!F3)) -> Water | X5: =IF('Ingredient List'!H3="","",HYPERLINK("https://docs.google.com/spreadsheets/d/1o95Ipwx6NIyFV3LCz9LGNbH9_WELHF-pbpkM31YwXyY/edit#gid=0&range=B" & 'Ingredient List'!Q3,'Ingredient List'!H3)) -> Lightning
B6: =IFERROR(IF('Ingredient List'!B4="","",HYPERLINK("https://docs.google.com/spreadsheets/d/1o95Ipwx6NIyFV3LCz9LGNbH9_WELHF-pbpkM31YwXyY/edit#gid=0&range=B" & 'Ingredient List'!K4,VLOOKUP('Ingredient List'!B4,Images!$A:$C,3,FALSE))),'Ingredient List'!B4) | D6: =IFERROR(IF('Ingredient List'!D4="","",HYPERLINK("https://docs.google.com/spreadsheets/d/1o95Ipwx6NIyFV3LCz9LGNbH9_WELHF-pbpkM31YwXyY/edit#gid=0&range=B" & 'Ingredient List'!M4,VLOOKUP('Ingredient List'!D4,Images!$A:$C,3,FALSE))),'Ingredient List'!D4) | F6: =IFERROR(IF('Ingredient List'!F4="","",HYPERLINK("https://docs.google.com/spreadsheets/d/1o95Ipwx6NIyFV3LCz9LGNbH9_WELHF-pbpkM31YwXyY/edit#gid=0&range=B" & 'Ingredient List'!O4,VLOOKUP('Ingredient List'!F4,Images!$A:$C,3,FALSE))),'Ingredient List'!F4) | H6: =IFERROR(IF('Ingredient List'!H4="","",HYPERLINK("https://docs.google.com/spreadsheets/d/1o95Ipwx6NIyFV3LCz9LGNbH9_WELHF-pbpkM31YwXyY/edit#gid=0&range=B" & 'Ingredient List'!Q4,VLOOKUP('Ingredient List'!H4,Images!$A:$C,3,FALSE))),'Ingredient List'!H4) | L6: =IFERROR(VLOOKUP("Leaf",Images!$A:$C,3,FALSE),R13) -> Leaf | M6: + | N6: =IFERROR(VLOOKUP("Water",Images!$A:$C,3,FALSE),T13) -> + | O6: = | P6: =IFERROR(VLOOKUP("Lightning",Images!$A:$C,3,FALSE),V13) -> 0 | R6: =IF('Ingredient List'!B4="","",HYPERLINK("https://docs.google.com/spreadsheets/d/1o95Ipwx6NIyFV3LCz9LGNbH9_WELHF-pbpkM31YwXyY/edit#gid=0&range=B" & 'Ingredient List'!K4,'Ingredient List'!B4)) -> Poison | T6: =IF('Ingredient List'!D4="","",HYPERLINK("https://docs.google.com/spreadsheets/d/1o95Ipwx6NIyFV3LCz9LGNbH9_WELHF-pbpkM31YwXyY/edit#gid=0&range=B" & 'Ingredient List'!M4,'Ingredient List'!D4)) -> Beetle | V6: =IF('Ingredient List'!F4="","",HYPERLINK("https://docs.google.com/spreadsheets/d/1o95Ipwx6NIyFV3LCz9LGNbH9_WELHF-pbpkM31YwXyY/edit#gid=0&range=B" & 'Ingredient List'!O4,'Ingredient List'!F4)) -> Tooth | X6: =IF('Ingredient List'!H4="","",HYPERLINK("https://docs.google.com/spreadsheets/d/1o95Ipwx6NIyFV3LCz9LGNbH9_WELHF-pbpkM31YwXyY/edit#gid=0&range=B" & 'Ingredient List'!Q4,'Ingredient List'!H4)) -> Flame
B7: =IFERROR(IF('Ingredient List'!B5="","",HYPERLINK("https://docs.google.com/spreadsheets/d/1o95Ipwx6NIyFV3LCz9LGNbH9_WELHF-pbpkM31YwXyY/edit#gid=0&range=B" & 'Ingredient List'!K5,VLOOKUP('Ingredient List'!B5,Images!$A:$C,3,FALSE))),'Ingredient List'!B5) | D7: =IFERROR(IF('Ingredient List'!D5="","",HYPERLINK("https://docs.google.com/spreadsheets/d/1o95Ipwx6NIyFV3LCz9LGNbH9_WELHF-pbpkM31YwXyY/edit#gid=0&range=B" & 'Ingredient List'!M5,VLOOKUP('Ingredient List'!D5,Images!$A:$C,3,FALSE))),'Ingredient List'!D5) | F7: =IFERROR(IF('Ingredient List'!F5="","",HYPERLINK("https://docs.google.com/spreadsheets/d/1o95Ipwx6NIyFV3LCz9LGNbH9_WELHF-pbpkM31YwXyY/edit#gid=0&range=B" & 'Ingredient List'!O5,VLOOKUP('Ingredient List'!F5,Images!$A:$C,3,FALSE))),'Ingredient List'!F5) | H7: =IFERROR(IF('Ingredient List'!H5="","",HYPERLINK("https://docs.google.com/spreadsheets/d/1o95Ipwx6NIyFV3LCz9LGNbH9_WELHF-pbpkM31YwXyY/edit#gid=0&range=B" & 'Ingredient List'!Q5,VLOOKUP('Ingredient List'!H5,Images!$A:$C,3,FALSE))),'Ingredient List'!H5) | L7: =IFERROR(VLOOKUP("Leaf",Images!$A:$C,3,FALSE),R14) -> Leaf | M7: + | N7: =IFERROR(VLOOKUP("Lightning",Images!$A:$C,3,FALSE),T14) -> + | O7: = | P7: =IFERROR(VLOOKUP("Beetle",Images!$A:$C,3,FALSE),V14) -> 0 | R7: =IF('Ingredient List'!B5="","",HYPERLINK("https://docs.google.com/spreadsheets/d/1o95Ipwx6NIyFV3LCz9LGNbH9_WELHF-pbpkM31YwXyY/edit#gid=0&range=B" & 'Ingredient List'!K5,'Ingredient List'!B5)) -> Steel | T7: =IF('Ingredient List'!D5="","",HYPERLINK("https://docs.google.com/spreadsheets/d/1o95Ipwx6NIyFV3LCz9LGNbH9_WELHF-pbpkM31YwXyY/edit#gid=0&range=B" & 'Ingredient List'!M5,'Ingredient List'!D5)) -> Scale | V7: =IF('Ingredient List'!F5="","",HYPERLINK("https://docs.google.com/spreadsheets/d/1o95Ipwx6NIyFV3LCz9LGNbH9_WELHF-pbpkM31YwXyY/edit#gid=0&range=B" & 'Ingredient List'!O5,'Ingredient List'!F5)) -> Essence | X7: =IF('Ingredient List'!H5="","",HYPERLINK("https://docs.google.com/spreadsheets/d/1o95Ipwx6NIyFV3LCz9LGNbH9_WELHF-pbpkM31YwXyY/edit#gid=0&range=B" & 'Ingredient List'!Q5,'Ingredient List'!H5)) -> Power
B8: =IFERROR(IF('Ingredient List'!B6="","",HYPERLINK("https://docs.google.com/spreadsheets/d/1o95Ipwx6NIyFV3LCz9LGNbH9_WELHF-pbpkM31YwXyY/edit#gid=0&range=B" & 'Ingredient List'!K6,VLOOKUP('Ingredient List'!B6,Images!$A:$C,3,FALSE))),'Ingredient List'!B6) | D8: =IFERROR(IF('Ingredient List'!D6="","",HYPERLINK("https://docs.google.com/spreadsheets/d/1o95Ipwx6NIyFV3LCz9LGNbH9_WELHF-pbpkM31YwXyY/edit#gid=0&range=B" & 'Ingredient List'!M6,VLOOKUP('Ingredient List'!D6,Images!$A:$C,3,FALSE))),'Ingredient List'!D6) | F8: =IFERROR(IF('Ingredient List'!F6="","",HYPERLINK("https://docs.google.com/spreadsheets/d/1o95Ipwx6NIyFV3LCz9LGNbH9_WELHF-pbpkM31YwXyY/edit#gid=0&range=B" & 'Ingredient List'!O6,VLOOKUP('Ingredient List'!F6,Images!$A:$C,3,FALSE))),'Ingredient List'!F6) | H8: =IFERROR(IF('Ingredient List'!H6="","",HYPERLINK("https://docs.google.com/spreadsheets/d/1o95Ipwx6NIyFV3LCz9LGNbH9_WELHF-pbpkM31YwXyY/edit#gid=0&range=B" & 'Ingredient List'!Q6,VLOOKUP('Ingredient List'!H6,Images!$A:$C,3,FALSE))),'Ingredient List'!H6) | L8: =IFERROR(VLOOKUP("Sand",Images!$A:$C,3,FALSE),R15) -> Leaf | M8: + | N8: =IFERROR(VLOOKUP("Lightning",Images!$A:$C,3,FALSE),T15) -> + | O8: = | P8: =IFERROR(VLOOKUP("Poison",Images!$A:$C,3,FALSE),V15) -> 0 | R8: =IF('Ingredient List'!B6="","",HYPERLINK("https://docs.google.com/spreadsheets/d/1o95Ipwx6NIyFV3LCz9LGNbH9_WELHF-pbpkM31YwXyY/edit#gid=0&range=B" & 'Ingredient List'!K6,'Ingredient List'!B6)) -> Shadow | T8: =IF('Ingredient List'!D6="","",HYPERLINK("https://docs.google.com/spreadsheets/d/1o95Ipwx6NIyFV3LCz9LGNbH9_WELHF-pbpkM31YwXyY/edit#gid=0&range=B" & 'Ingredient List'!M6,'Ingredient List'!D6)) -> Spirit | V8: =IF('Ingredient List'!F6="","",HYPERLINK("https://docs.google.com/spreadsheets/d/1o95Ipwx6NIyFV3LCz9LGNbH9_WELHF-pbpkM31YwXyY/edit#gid=0&range=B" & 'Ingredient List'!O6,'Ingredient List'!F6)) | X8: =IF('Ingredient List'!H6="","",HYPERLINK("https://docs.google.com/spreadsheets/d/1o95Ipwx6NIyFV3LCz9LGNbH9_WELHF-pbpkM31YwXyY/edit#gid=0&range=B" & 'Ingredient List'!Q6,'Ingredient List'!H6))
L9: =IFERROR(VLOOKUP("Water",Images!$A:$C,3,FALSE),R16) -> Leaf | M9: + | N9: =IFERROR(VLOOKUP("Beetle",Images!$A:$C,3,FALSE),T16) -> + | O9: = | P9: =IFERROR(VLOOKUP("Tooth",Images!$A:$C,3,FALSE),V16) -> 0
L10: =IFERROR(VLOOKUP("Lightning",Images!$A:$C,3,FALSE),R17) -> Leaf | M10: + | N10: =IFERROR(VLOOKUP("Poison",Images!$A:$C,3,FALSE),T17) -> + | O10: = | P10: =IFERROR(VLOOKUP("Flame",Images!$A:$C,3,FALSE),V17) -> 0
B11: =R11 -> Leaf Recipes | L11: =IFERROR(VLOOKUP("Lightning",Images!$A:$C,3,FALSE),R18) -> Leaf | M11: + | N11: =IFERROR(VLOOKUP("Beetle",Images!$A:$C,3,FALSE),T18) -> + | O11: = | P11: =IFERROR(VLOOKUP("Steel",Images!$A:$C,3,FALSE),V18) -> 0 | R11: =R12 & " Recipes" -> Leaf Recipes
B12: =IFERROR(VLOOKUP(R12,Images!$A:$C,3,FALSE),R12) -> Leaf | D12: + | E12: =IFERROR(VLOOKUP(U12,Images!$A:$C,3,FALSE),"") | G12: = | H12: =IFERROR(VLOOKUP(X12,Images!$A:$C,3,FALSE),X12) | L12: =IFERROR(VLOOKUP("Tooth",Images!$A:$C,3,FALSE),R19) -> Leaf | M12: + | N12: =IFERROR(VLOOKUP("Flame",Images!$A:$C,3,FALSE),T19) -> + | O12: = | P12: =IFERROR(VLOOKUP("Scale",Images!$A:$C,3,FALSE),V19) -> 0 | R12: =Images!$A$2 -> Leaf | T12: + | U12: =Images!$A$2 -> Leaf | W12: = | X12: {=IFERROR(INDEX('5.29 Recipe Matrix (Unsorted)'!$C$5:$P$18,MATCH(R12,'5.29 Recipe Matrix (Unsorted)'!$A$5:$A$18,0),MATCH(U12,'5.29 Recipe Matrix (Unsorted)'!$C$3:$P$3,0)),"")}
B13: =IFERROR(VLOOKUP(R13,Images!$A:$C,3,FALSE),R13) -> Leaf | D13: + | E13: =IFERROR(VLOOKUP(U13,Images!$A:$C,3,FALSE),"") | G13: = | H13: =IFERROR(VLOOKUP(X13,Images!$A:$C,3,FALSE),X13) | L13: =IFERROR(VLOOKUP("Tooth",Images!$A:$C,3,FALSE),R20) -> Leaf | M13: + | N13: =IFERROR(VLOOKUP("Steel",Images!$A:$C,3,FALSE),T20) -> + | O13: = | P13: =IFERROR(VLOOKUP("Essence",Images!$A:$C,3,FALSE),V20) -> 0 | R13: =R12 -> Leaf | T13: + | U13: =Images!$A$3 -> Sand | W13: = | X13: {=IFERROR(INDEX('5.29 Recipe Matrix (Unsorted)'!$C$5:$P$18,MATCH(R13,'5.29 Recipe Matrix (Unsorted)'!$A$5:$A$18,0),MATCH(U13,'5.29 Recipe Matrix (Unsorted)'!$C$3:$P$3,0)),"")}
B14: =IFERROR(VLOOKUP(R14,Images!$A:$C,3,FALSE),R14) -> Leaf | D14: + | E14: =IFERROR(VLOOKUP(U14,Images!$A:$C,3,FALSE),"") | G14: = | H14: =IFERROR(VLOOKUP(X14,Images!$A:$C,3,FALSE),X14) -> 2 Perks | L14: =IFERROR(VLOOKUP("Flame",Images!$A:$C,3,FALSE),R21) -> Leaf | M14: + | N14: =IFERROR(VLOOKUP("Steel",Images!$A:$C,3,FALSE),T21) -> + | O14: = | P14: =IFERROR(VLOOKUP("Power",Images!$A:$C,3,FALSE),V21) -> 0 | R14: =R13 -> Leaf | T14: + | U14: =Images!$A$4 -> Water | W14: = | X14: {=IFERROR(INDEX('5.29 Recipe Matrix (Unsorted)'!$C$5:$P$18,MATCH(R14,'5.29 Recipe Matrix (Unsorted)'!$A$5:$A$18,0),MATCH(U14,'5.29 Recipe Matrix (Unsorted)'!$C$3:$P$3,0)),"")} -> 2 Perks
B15: =IFERROR(VLOOKUP(R15,Images!$A:$C,3,FALSE),R15) -> Leaf | D15: + | E15: =IFERROR(VLOOKUP(U15,Images!$A:$C,3,FALSE),"") | G15: = | H15: =IFERROR(VLOOKUP(X15,Images!$A:$C,3,FALSE),X15) -> 3 Hero Weapons | L15: =IFERROR(VLOOKUP("Leaf",Images!$A:$C,3,FALSE),R22) -> Leaf | M15: + | N15: =IFERROR(VLOOKUP("Power",Images!$A:$C,3,FALSE),T22) -> + | O15: = | P15: =IFERROR(VLOOKUP("Spirit",Images!$A:$C,3,FALSE),V22) -> 0 | R15: =R14 -> Leaf | T15: + | U15: =Images!$A$5 -> Lightning | W15: = | X15: {=IFERROR(INDEX('5.29 Recipe Matrix (Unsorted)'!$C$5:$P$18,MATCH(R15,'5.29 Recipe Matrix (Unsorted)'!$A$5:$A$18,0),MATCH(U15,'5.29 Recipe Matrix (Unsorted)'!$C$3:$P$3,0)),"")} -> 3 Hero Weapons
B16: =IFERROR(VLOOKUP(R16,Images!$A:$C,3,FALSE),R16) -> Leaf | D16: + | E16: =IFERROR(VLOOKUP(U16,Images!$A:$C,3,FALSE),"") | G16: = | H16: =IFERROR(VLOOKUP(X16,Images!$A:$C,3,FALSE),X16) -> 21 Common Equipment | L16: =IFERROR(VLOOKUP("Sand",Images!$A:$C,3,FALSE),R23) -> Leaf | M16: + | N16: =IFERROR(VLOOKUP("Essence",Images!$A:$C,3,FALSE),T23) -> + | O16: = | P16: =IFERROR(VLOOKUP("Shadow",Images!$A:$C,3,FALSE),V23) -> 0 | R16: =R15 -> Leaf | T16: + | U16: =Images!$A$6 -> Poison | W16: = | X16: {=IFERROR(INDEX('5.29 Recipe Matrix (Unsorted)'!$C$5:$P$18,MATCH(R16,'5.29 Recipe Matrix (Unsorted)'!$A$5:$A$18,0),MATCH(U16,'5.29 Recipe Matrix (Unsorted)'!$C$3:$P$3,0)),"")} -> 21 Common Equipment
B17: =IFERROR(VLOOKUP(R17,Images!$A:$C,3,FALSE),R17) -> Leaf | D17: + | E17: =IFERROR(VLOOKUP(U17,Images!$A:$C,3,FALSE),"") | G17: = | H17: =IFERROR(VLOOKUP(X17,Images!$A:$C,3,FALSE),X17) -> 6 Rare Equipment | R17: =R16 -> Leaf | T17: + | U17: =Images!$A$7 -> Beetle | W17: = | X17: {=IFERROR(INDEX('5.29 Recipe Matrix (Unsorted)'!$C$5:$P$18,MATCH(R17,'5.29 Recipe Matrix (Unsorted)'!$A$5:$A$18,0),MATCH(U17,'5.29 Recipe Matrix (Unsorted)'!$C$3:$P$3,0)),"")} -> 6 Rare Equipment
B18: =IFERROR(VLOOKUP(R18,Images!$A:$C,3,FALSE),R18) -> Leaf | D18: + | E18: =IFERROR(VLOOKUP(U18,Images!$A:$C,3,FALSE),"") | G18: = | H18: =IFERROR(VLOOKUP(X18,Images!$A:$C,3,FALSE),X18) | R18: =R17 -> Leaf | T18: + | U18: =Images!$A$8 -> Tooth | W18: = | X18: {=IFERROR(INDEX('5.29 Recipe Matrix (Unsorted)'!$C$5:$P$18,MATCH(R18,'5.29 Recipe Matrix (Unsorted)'!$A$5:$A$18,0),MATCH(U18,'5.29 Recipe Matrix (Unsorted)'!$C$3:$P$3,0)),"")}
B19: =IFERROR(VLOOKUP(R19,Images!$A:$C,3,FALSE),R19) -> Leaf | D19: + | E19: =IFERROR(VLOOKUP(U19,Images!$A:$C,3,FALSE),"") | G19: = | H19: =IFERROR(VLOOKUP(X19,Images!$A:$C,3,FALSE),X19) -> 206 Dust | R19: =R18 -> Leaf | T19: + | U19: =Images!$A$9 -> Flame | W19: = | X19: {=IFERROR(INDEX('5.29 Recipe Matrix (Unsorted)'!$C$5:$P$18,MATCH(R19,'5.29 Recipe Matrix (Unsorted)'!$A$5:$A$18,0),MATCH(U19,'5.29 Recipe Matrix (Unsorted)'!$C$3:$P$3,0)),"")} -> 206 Dust
B20: =IFERROR(VLOOKUP(R20,Images!$A:$C,3,FALSE),R20) -> Leaf | D20: + | E20: =IFERROR(VLOOKUP(U20,Images!$A:$C,3,FALSE),"") | G20: = | H20: =IFERROR(VLOOKUP(X20,Images!$A:$C,3,FALSE),X20) -> 112 Currency | R20: =R19 -> Leaf | T20: + | U20: =Images!$A$10 -> Steel | W20: = | X20: {=IFERROR(INDEX('5.29 Recipe Matrix (Unsorted)'!$C$5:$P$18,MATCH(R20,'5.29 Recipe Matrix (Unsorted)'!$A$5:$A$18,0),MATCH(U20,'5.29 Recipe Matrix (Unsorted)'!$C$3:$P$3,0)),"")} -> 112 Currency
B21: =IFERROR(VLOOKUP(R21,Images!$A:$C,3,FALSE),R21) -> Leaf | D21: + | E21: =IFERROR(VLOOKUP(U21,Images!$A:$C,3,FALSE),"") | G21: = | H21: =IFERROR(VLOOKUP(X21,Images!$A:$C,3,FALSE),X21) -> 8 Rare Equipment | R21: =R20 -> Leaf | T21: + | U21: =Images!$A$11 -> Scale | W21: = | X21: {=IFERROR(INDEX('5.29 Recipe Matrix (Unsorted)'!$C$5:$P$18,MATCH(R21,'5.29 Recipe Matrix (Unsorted)'!$A$5:$A$18,0),MATCH(U21,'5.29 Recipe Matrix (Unsorted)'!$C$3:$P$3,0)),"")} -> 8 Rare Equipment
B22: =IFERROR(VLOOKUP(R22,Images!$A:$C,3,FALSE),R22) -> Leaf | D22: + | E22: =IFERROR(VLOOKUP(U22,Images!$A:$C,3,FALSE),"") | G22: = | H22: =IFERROR(VLOOKUP(X22,Images!$A:$C,3,FALSE),X22) -> 62 Currency | R22: =R21 -> Leaf | T22: + | U22: =Images!$A$12 -> Essence | W22: = | X22: {=IFERROR(INDEX('5.29 Recipe Matrix (Unsorted)'!$C$5:$P$18,MATCH(R22,'5.29 Recipe Matrix (Unsorted)'!$A$5:$A$18,0),MATCH(U22,'5.29 Recipe Matrix (Unsorted)'!$C$3:$P$3,0)),"")} -> 62 Currency
B23: =IFERROR(VLOOKUP(R23,Images!$A:$C,3,FALSE),R23) -> Leaf | D23: + | E23: =IFERROR(VLOOKUP(U23,Images!$A:$C,3,FALSE),"") | G23: = | H23: =IFERROR(VLOOKUP(X23,Images!$A:$C,3,FALSE),X23) -> x8 Rare Equipment | R23: =R22 -> Leaf | T23: + | U23: =Images!$A$13 -> Power | W23: = | X23: {=IFERROR(INDEX('5.29 Recipe Matrix (Unsorted)'!$C$5:$P$18,MATCH(R23,'5.29 Recipe Matrix (Unsorted)'!$A$5:$A$18,0),MATCH(U23,'5.29 Recipe Matrix (Unsorted)'!$C$3:$P$3,0)),"")} -> x8 Rare Equipment
B24: =IFERROR(VLOOKUP(R24,Images!$A:$C,3,FALSE),R24) -> Leaf | D24: + | E24: =IFERROR(VLOOKUP(U24,Images!$A:$C,3,FALSE),"") | G24: = | H24: =IFERROR(VLOOKUP(X24,Images!$A:$C,3,FALSE),X24) | R24: =R23 -> Leaf | T24: + | U24: =Images!$A$14 -> Shadow | W24: = | X24: {=IFERROR(INDEX('5.29 Recipe Matrix (Unsorted)'!$C$5:$P$18,MATCH(R24,'5.29 Recipe Matrix (Unsorted)'!$A$5:$A$18,0),MATCH(U24,'5.29 Recipe Matrix (Unsorted)'!$C$3:$P$3,0)),"")}
B25: =IFERROR(VLOOKUP(R25,Images!$A:$C,3,FALSE),R25) -> Leaf | D25: + | E25: =IFERROR(VLOOKUP(U25,Images!$A:$C,3,FALSE),"") | G25: = | H25: =IFERROR(VLOOKUP(X25,Images!$A:$C,3,FALSE),X25) | R25: =R24 -> Leaf | T25: + | U25: =Images!$A$15 -> Spirit | W25: = | X25: {=IFERROR(INDEX('5.29 Recipe Matrix (Unsorted)'!$C$5:$P$18,MATCH(R25,'5.29 Recipe Matrix (Unsorted)'!$A$5:$A$18,0),MATCH(U25,'5.29 Recipe Matrix (Unsorted)'!$C$3:$P$3,0)),"")}
H26: =HYPERLINK("https://docs.google.com/spreadsheets/d/1o95Ipwx6NIyFV3LCz9LGNbH9_WELHF-pbpkM31YwXyY/edit#gid=0&range=A1","Back to Top") -> Back to Top | X26: =HYPERLINK("https://docs.google.com/spreadsheets/d/1o95Ipwx6NIyFV3LCz9LGNbH9_WELHF-pbpkM31YwXyY/edit#gid=0&range=A1","Back to Top") -> Back to Top
B28: =R28 -> Sand Recipes | R28: =R29 & " Recipes" -> Sand Recipes
B29: =IFERROR(VLOOKUP(R29,Images!$A:$C,3,FALSE),R29) -> Sand | D29: + | E29: =IFERROR(VLOOKUP(U29,Images!$A:$C,3,FALSE),"") | G29: = | H29: =IFERROR(VLOOKUP(X13,Images!$A:$C,3,FALSE),X13) | R29: =Images!$A$3 -> Sand | T29: + | U29: =Images!$A$2 -> Leaf | W29: = | X29: {=IFERROR(INDEX('5.29 Recipe Matrix (Unsorted)'!$C$5:$P$18,MATCH(R29,'5.29 Recipe Matrix (Unsorted)'!$A$5:$A$18,0),MATCH(U29,'5.29 Recipe Matrix (Unsorted)'!$C$3:$P$3,0)),"")}
B30: =IFERROR(VLOOKUP(R30,Images!$A:$C,3,FALSE),R30) -> Sand | D30: + | E30: =IFERROR(VLOOKUP(U30,Images!$A:$C,3,FALSE),"") | G30: = | H30: =IFERROR(VLOOKUP(X30,Images!$A:$C,3,FALSE),X30) | R30: =R29 -> Sand | T30: + | U30: =Images!$A$3 -> Sand | W30: = | X30: {=IFERROR(INDEX('5.29 Recipe Matrix (Unsorted)'!$C$5:$P$18,MATCH(R30,'5.29 Recipe Matrix (Unsorted)'!$A$5:$A$18,0),MATCH(U30,'5.29 Recipe Matrix (Unsorted)'!$C$3:$P$3,0)),"")}
B31: =IFERROR(VLOOKUP(R31,Images!$A:$C,3,FALSE),R31) -> Sand | D31: + | E31: =IFERROR(VLOOKUP(U31,Images!$A:$C,3,FALSE),"") | G31: = | H31: =IFERROR(VLOOKUP(X31,Images!$A:$C,3,FALSE),X31) | R31: =R30 -> Sand | T31: + | U31: =Images!$A$4 -> Water | W31: = | X31: {=IFERROR(INDEX('5.29 Recipe Matrix (Unsorted)'!$C$5:$P$18,MATCH(R31,'5.29 Recipe Matrix (Unsorted)'!$A$5:$A$18,0),MATCH(U31,'5.29 Recipe Matrix (Unsorted)'!$C$3:$P$3,0)),"")}
B32: =IFERROR(VLOOKUP(R32,Images!$A:$C,3,FALSE),R32) -> Sand | D32: + | E32: =IFERROR(VLOOKUP(U32,Images!$A:$C,3,FALSE),"") | G32: = | H32: =IFERROR(VLOOKUP(X32,Images!$A:$C,3,FALSE),X32) | R32: =R31 -> Sand | T32: + | U32: =Images!$A$5 -> Lightning | W32: = | X32: {=IFERROR(INDEX('5.29 Recipe Matrix (Unsorted)'!$C$5:$P$18,MATCH(R32,'5.29 Recipe Matrix (Unsorted)'!$A$5:$A$18,0),MATCH(U32,'5.29 Recipe Matrix (Unsorted)'!$C$3:$P$3,0)),"")}
B33: =IFERROR(VLOOKUP(R33,Images!$A:$C,3,FALSE),R33) -> Sand | D33: + | E33: =IFERROR(VLOOKUP(U33,Images!$A:$C,3,FALSE),"") | G33: = | H33: =IFERROR(VLOOKUP(X33,Images!$A:$C,3,FALSE),X33) | R33: =R32 -> Sand | T33: + | U33: =Images!$A$6 -> Poison | W33: = | X33: {=IFERROR(INDEX('5.29 Recipe Matrix (Unsorted)'!$C$5:$P$18,MATCH(R33,'5.29 Recipe Matrix (Unsorted)'!$A$5:$A$18,0),MATCH(U33,'5.29 Recipe Matrix (Unsorted)'!$C$3:$P$3,0)),"")}
B34: =IFERROR(VLOOKUP(R34,Images!$A:$C,3,FALSE),R34) -> Sand | D34: + | E34: =IFERROR(VLOOKUP(U34,Images!$A:$C,3,FALSE),"") | G34: = | H34: =IFERROR(VLOOKUP(X34,Images!$A:$C,3,FALSE),X34) | R34: =R33 -> Sand | T34: + | U34: =Images!$A$7 -> Beetle | W34: = | X34: {=IFERROR(INDEX('5.29 Recipe Matrix (Unsorted)'!$C$5:$P$18,MATCH(R34,'5.29 Recipe Matrix (Unsorted)'!$A$5:$A$18,0),MATCH(U34,'5.29 Recipe Matrix (Unsorted)'!$C$3:$P$3,0)),"")}
B35: =IFERROR(VLOOKUP(R35,Images!$A:$C,3,FALSE),R35) -> Sand | D35: + | E35: =IFERROR(VLOOKUP(U35,Images!$A:$C,3,FALSE),"") | G35: = | H35: =IFERROR(VLOOKUP(X35,Images!$A:$C,3,FALSE),X35) | R35: =R34 -> Sand | T35: + | U35: =Images!$A$8 -> Tooth | W35: = | X35: {=IFERROR(INDEX('5.29 Recipe Matrix (Unsorted)'!$C$5:$P$18,MATCH(R35,'5.29 Recipe Matrix (Unsorted)'!$A$5:$A$18,0),MATCH(U35,'5.29 Recipe Matrix (Unsorted)'!$C$3:$P$3,0)),"")}
B36: =IFERROR(VLOOKUP(R36,Images!$A:$C,3,FALSE),R36) -> Sand | D36: + | E36: =IFERROR(VLOOKUP(U36,Images!$A:$C,3,FALSE),"") | G36: = | H36: =IFERROR(VLOOKUP(X36,Images!$A:$C,3,FALSE),X36) | R36: =R35 -> Sand | T36: + | U36: =Images!$A$9 -> Flame | W36: = | X36: {=IFERROR(INDEX('5.29 Recipe Matrix (Unsorted)'!$C$5:$P$18,MATCH(R36,'5.29 Recipe Matrix (Unsorted)'!$A$5:$A$18,0),MATCH(U36,'5.29 Recipe Matrix (Unsorted)'!$C$3:$P$3,0)),"")}
B37: =IFERROR(VLOOKUP(R37,Images!$A:$C,3,FALSE),R37) -> Sand | D37: + | E37: =IFERROR(VLOOKUP(U37,Images!$A:$C,3,FALSE),"") | G37: = | H37: =IFERROR(VLOOKUP(X37,Images!$A:$C,3,FALSE),X37) | R37: =R36 -> Sand | T37: + | U37: =Images!$A$10 -> Steel | W37: = | X37: {=IFERROR(INDEX('5.29 Recipe Matrix (Unsorted)'!$C$5:$P$18,MATCH(R37,'5.29 Recipe Matrix (Unsorted)'!$A$5:$A$18,0),MATCH(U37,'5.29 Recipe Matrix (Unsorted)'!$C$3:$P$3,0)),"")}
B38: =IFERROR(VLOOKUP(R38,Images!$A:$C,3,FALSE),R38) -> Sand | D38: + | E38: =IFERROR(VLOOKUP(U38,Images!$A:$C,3,FALSE),"") | G38: = | H38: =IFERROR(VLOOKUP(X38,Images!$A:$C,3,FALSE),X38) | R38: =R37 -> Sand | T38: + | U38: =Images!$A$11 -> Scale | W38: = | X38: {=IFERROR(INDEX('5.29 Recipe Matrix (Unsorted)'!$C$5:$P$18,MATCH(R38,'5.29 Recipe Matrix (Unsorted)'!$A$5:$A$18,0),MATCH(U38,'5.29 Recipe Matrix (Unsorted)'!$C$3:$P$3,0)),"")}
B39: =IFERROR(VLOOKUP(R39,Images!$A:$C,3,FALSE),R39) -> Sand | D39: + | E39: =IFERROR(VLOOKUP(U39,Images!$A:$C,3,FALSE),"") | G39: = | H39: =IFERROR(VLOOKUP(X39,Images!$A:$C,3,FALSE),X39) | R39: =R38 -> Sand | T39: + | U39: =Images!$A$12 -> Essence | W39: = | X39: {=IFERROR(INDEX('5.29 Recipe Matrix (Unsorted)'!$C$5:$P$18,MATCH(R39,'5.29 Recipe Matrix (Unsorted)'!$A$5:$A$18,0),MATCH(U39,'5.29 Recipe Matrix (Unsorted)'!$C$3:$P$3,0)),"")}
B40: =IFERROR(VLOOKUP(R40,Images!$A:$C,3,FALSE),R40) -> Sand | D40: + | E40: =IFERROR(VLOOKUP(U40,Images!$A:$C,3,FALSE),"") | G40: = | H40: =IFERROR(VLOOKUP(X40,Images!$A:$C,3,FALSE),X40) | R40: =R39 -> Sand | T40: + | U40: =Images!$A$13 -> Power | W40: = | X40: {=IFERROR(INDEX('5.29 Recipe Matrix (Unsorted)'!$C$5:$P$18,MATCH(R40,'5.29 Recipe Matrix (Unsorted)'!$A$5:$A$18,0),MATCH(U40,'5.29 Recipe Matrix (Unsorted)'!$C$3:$P$3,0)),"")}
B41: =IFERROR(VLOOKUP(R41,Images!$A:$C,3,FALSE),R41) -> Sand | D41: + | E41: =IFERROR(VLOOKUP(U41,Images!$A:$C,3,FALSE),"") | G41: = | H41: =IFERROR(VLOOKUP(X41,Images!$A:$C,3,FALSE),X41) | R41: =R40 -> Sand | T41: + | U41: =Images!$A$14 -> Shadow | W41: = | X41: {=IFERROR(INDEX('5.29 Recipe Matrix (Unsorted)'!$C$5:$P$18,MATCH(R41,'5.29 Recipe Matrix (Unsorted)'!$A$5:$A$18,0),MATCH(U41,'5.29 Recipe Matrix (Unsorted)'!$C$3:$P$3,0)),"")}
B42: =IFERROR(VLOOKUP(R42,Images!$A:$C,3,FALSE),R42) -> Sand | D42: + | E42: =IFERROR(VLOOKUP(U42,Images!$A:$C,3,FALSE),"") | G42: = | H42: =IFERROR(VLOOKUP(X42,Images!$A:$C,3,FALSE),X42) -> 10 Rare Equipment | R42: =R41 -> Sand | T42: + | U42: =Images!$A$15 -> Spirit | W42: = | X42: 10 Rare Equipment
H43: =HYPERLINK("https://docs.google.com/spreadsheets/d/1o95Ipwx6NIyFV3LCz9LGNbH9_WELHF-pbpkM31YwXyY/edit#gid=0&range=A1","Back to Top") -> Back to Top | X43: =HYPERLINK("https://docs.google.com/spreadsheets/d/1o95Ipwx6NIyFV3LCz9LGNbH9_WELHF-pbpkM31YwXyY/edit#gid=0&range=A1","Back to Top") -> Back to Top
B45: =R45 -> Water Recipes | R45: =R46 & " Recipes" -> Water Recipes
B46: =IFERROR(VLOOKUP(R46,Images!$A:$C,3,FALSE),R46) -> Water | D46: + | E46: =IFERROR(VLOOKUP(U46,Images!$A:$C,3,FALSE),"") | G46: = | H46: =IFERROR(VLOOKUP(X46,Images!$A:$C,3,FALSE),X46) -> 2 Perks | R46: =Images!$A$4 -> Water | T46: + | U46: =Images!$A$2 -> Leaf | W46: = | X46: {=IFERROR(INDEX('5.29 Recipe Matrix (Unsorted)'!$C$5:$P$18,MATCH(R46,'5.29 Recipe Matrix (Unsorted)'!$A$5:$A$18,0),MATCH(U46,'5.29 Recipe Matrix (Unsorted)'!$C$3:$P$3,0)),"")} -> 2 Perks
B47: =IFERROR(VLOOKUP(R47,Images!$A:$C,3,FALSE),R47) -> Water | D47: + | E47: =IFERROR(VLOOKUP(U47,Images!$A:$C,3,FALSE),"") | G47: = | H47: =IFERROR(VLOOKUP(X47,Images!$A:$C,3,FALSE),X47) | R47: =R46 -> Water | T47: + | U47: =Images!$A$3 -> Sand | W47: = | X47: {=IFERROR(INDEX('5.29 Recipe Matrix (Unsorted)'!$C$5:$P$18,MATCH(R47,'5.29 Recipe Matrix (Unsorted)'!$A$5:$A$18,0),MATCH(U47,'5.29 Recipe Matrix (Unsorted)'!$C$3:$P$3,0)),"")}
B48: =IFERROR(VLOOKUP(R48,Images!$A:$C,3,FALSE),R48) -> Water | D48: + | E48: =IFERROR(VLOOKUP(U48,Images!$A:$C,3,FALSE),"") | G48: = | H48: 20 Currency | R48: =R47 -> Water | T48: + | U48: =Images!$A$4 -> Water | W48: = | X48: {=IFERROR(INDEX('5.29 Recipe Matrix (Unsorted)'!$C$5:$P$18,MATCH(R48,'5.29 Recipe Matrix (Unsorted)'!$A$5:$A$18,0),MATCH(U48,'5.29 Recipe Matrix (Unsorted)'!$C$3:$P$3,0)),"")}
B49: =IFERROR(VLOOKUP(R49,Images!$A:$C,3,FALSE),R49) -> Water | D49: + | E49: =IFERROR(VLOOKUP(U49,Images!$A:$C,3,FALSE),"") | G49: = | H49: =IFERROR(VLOOKUP(X49,Images!$A:$C,3,FALSE),X49) -> 5 Hero Weapons | R49: =R48 -> Water | T49: + | U49: =Images!$A$5 -> Lightning | W49: = | X49: {=IFERROR(INDEX('5.29 Recipe Matrix (Unsorted)'!$C$5:$P$18,MATCH(R49,'5.29 Recipe Matrix (Unsorted)'!$A$5:$A$18,0),MATCH(U49,'5.29 Recipe Matrix (Unsorted)'!$C$3:$P$3,0)),"")} -> 5 Hero Weapons
B50: =IFERROR(VLOOKUP(R50,Images!$A:$C,3,FALSE),R50) -> Water | D50: + | E50: =IFERROR(VLOOKUP(U50,Images!$A:$C,3,FALSE),"") | G50: = | H50: =IFERROR(VLOOKUP(X50,Images!$A:$C,3,FALSE),X50) -> 3 Perks | R50: =R49 -> Water | T50: + | U50: =Images!$A$6 -> Poison | W50: = | X50: {=IFERROR(INDEX('5.29 Recipe Matrix (Unsorted)'!$C$5:$P$18,MATCH(R50,'5.29 Recipe Matrix (Unsorted)'!$A$5:$A$18,0),MATCH(U50,'5.29 Recipe Matrix (Unsorted)'!$C$3:$P$3,0)),"")} -> 3 Perks
B51: =IFERROR(VLOOKUP(R51,Images!$A:$C,3,FALSE),R51) -> Water | D51: + | E51: =IFERROR(VLOOKUP(U51,Images!$A:$C,3,FALSE),"") | G51: = | H51: =IFERROR(VLOOKUP(X51,Images!$A:$C,3,FALSE),X51) -> 84 Currency | R51: =R50 -> Water | T51: + | U51: =Images!$A$7 -> Beetle | W51: = | X51: {=IFERROR(INDEX('5.29 Recipe Matrix (Unsorted)'!$C$5:$P$18,MATCH(R51,'5.29 Recipe Matrix (Unsorted)'!$A$5:$A$18,0),MATCH(U51,'5.29 Recipe Matrix (Unsorted)'!$C$3:$P$3,0)),"")} -> 84 Currency
B52: =IFERROR(VLOOKUP(R52,Images!$A:$C,3,FALSE),R52) -> Water | D52: + | E52: =IFERROR(VLOOKUP(U52,Images!$A:$C,3,FALSE),"") | G52: = | H52: =IFERROR(VLOOKUP(X52,Images!$A:$C,3,FALSE),X52) | R52: =R51 -> Water | T52: + | U52: =Images!$A$8 -> Tooth | W52: = | X52: {=IFERROR(INDEX('5.29 Recipe Matrix (Unsorted)'!$C$5:$P$18,MATCH(R52,'5.29 Recipe Matrix (Unsorted)'!$A$5:$A$18,0),MATCH(U52,'5.29 Recipe Matrix (Unsorted)'!$C$3:$P$3,0)),"")}
B53: =IFERROR(VLOOKUP(R53,Images!$A:$C,3,FALSE),R53) -> Water | D53: + | E53: =IFERROR(VLOOKUP(U53,Images!$A:$C,3,FALSE),"") | G53: = | H53: =IFERROR(VLOOKUP(X53,Images!$A:$C,3,FALSE),X53) -> 63 Currency | R53: =R52 -> Water | T53: + | U53: =Images!$A$9 -> Flame | W53: = | X53: {=IFERROR(INDEX('5.29 Recipe Matrix (Unsorted)'!$C$5:$P$18,MATCH(R53,'5.29 Recipe Matrix (Unsorted)'!$A$5:$A$18,0),MATCH(U53,'5.29 Recipe Matrix (Unsorted)'!$C$3:$P$3,0)),"")} -> 63 Currency
B54: =IFERROR(VLOOKUP(R54,Images!$A:$C,3,FALSE),R54) -> Water | D54: + | E54: =IFERROR(VLOOKUP(U54,Images!$A:$C,3,FALSE),"") | G54: = | H54: =IFERROR(VLOOKUP(X54,Images!$A:$C,3,FALSE),X54) -> Legendary Equipment (Cinder Grasper) | R54: =R53 -> Water | T54: + | U54: =Images!$A$10 -> Steel | W54: = | X54: {=IFERROR(INDEX('5.29 Recipe Matrix (Unsorted)'!$C$5:$P$18,MATCH(R54,'5.29 Recipe Matrix (Unsorted)'!$A$5:$A$18,0),MATCH(U54,'5.29 Recipe Matrix (Unsorted)'!$C$3:$P$3,0)),"")} -> Legendary Equipment (Cinder Grasper)
B55: =IFERROR(VLOOKUP(R55,Images!$A:$C,3,FALSE),R55) -> Water | D55: + | E55: =IFERROR(VLOOKUP(U55,Images!$A:$C,3,FALSE),"") | G55: = | H55: =IFERROR(VLOOKUP(X55,Images!$A:$C,3,FALSE),X55) -> 530 Dust | R55: =R54 -> Water | T55: + | U55: =Images!$A$11 -> Scale | W55: = | X55: {=IFERROR(INDEX('5.29 Recipe Matrix (Unsorted)'!$C$5:$P$18,MATCH(R55,'5.29 Recipe Matrix (Unsorted)'!$A$5:$A$18,0),MATCH(U55,'5.29 Recipe Matrix (Unsorted)'!$C$3:$P$3,0)),"")} -> 530 Dust
B56: =IFERROR(VLOOKUP(R56,Images!$A:$C,3,FALSE),R56) -> Water | D56: + | E56: =IFERROR(VLOOKUP(U56,Images!$A:$C,3,FALSE),"") | G56: = | H56: =IFERROR(VLOOKUP(X56,Images!$A:$C,3,FALSE),X56) -> 5 Perks | R56: =R55 -> Water | T56: + | U56: =Images!$A$12 -> Essence | W56: = | X56: {=IFERROR(INDEX('5.29 Recipe Matrix (Unsorted)'!$C$5:$P$18,MATCH(R56,'5.29 Recipe Matrix (Unsorted)'!$A$5:$A$18,0),MATCH(U56,'5.29 Recipe Matrix (Unsorted)'!$C$3:$P$3,0)),"")} -> 5 Perks
B57: =IFERROR(VLOOKUP(R57,Images!$A:$C,3,FALSE),R57) -> Water | D57: + | E57: =IFERROR(VLOOKUP(U57,Images!$A:$C,3,FALSE),"") | G57: = | H57: =IFERROR(VLOOKUP(X57,Images!$A:$C,3,FALSE),X57) -> 6 Perks | R57: =R56 -> Water | T57: + | U57: =Images!$A$13 -> Power | W57: = | X57: {=IFERROR(INDEX('5.29 Recipe Matrix (Unsorted)'!$C$5:$P$18,MATCH(R57,'5.29 Recipe Matrix (Unsorted)'!$A$5:$A$18,0),MATCH(U57,'5.29 Recipe Matrix (Unsorted)'!$C$3:$P$3,0)),"")} -> 6 Perks
